Workbook

Sheet Macro_Average
A1: Model | B1: Method | C1: ECE (%) | D1: Ada-ECE (%) | E1: AUROC | F1: Brier
A2: M3-LLaVA | B2: NC | C2: =AVERAGE('ai2d'!C2, 'chartqa'!C2, 'docvqa'!C2, 'gqa'!C2, 'infographicvqa'!C2, 'lego-puzzles'!C2, 'mmbench'!C2, 'mmmu'!C2, 'pope'!C2, 'scienceqa'!C2, 'seedbench'!C2, 'textvqa'!C2, 'vizwiz-vqa'!C2, 'vqav2'!C2) | D2: =AVERAGE('ai2d'!D2, 'chartqa'!D2, 'docvqa'!D2, 'gqa'!D2, 'infographicvqa'!D2, 'lego-puzzles'!D2, 'mmbench'!D2, 'mmmu'!D2, 'pope'!D2, 'scienceqa'!D2, 'seedbench'!D2, 'textvqa'!D2, 'vizwiz-vqa'!D2, 'vqav2'!D2) | E2: =AVERAGE('ai2d'!E2, 'chartqa'!E2, 'docvqa'!E2, 'gqa'!E2, 'infographicvqa'!E2, 'lego-puzzles'!E2, 'mmbench'!E2, 'mmmu'!E2, 'pope'!E2, 'scienceqa'!E2, 'seedbench'!E2, 'textvqa'!E2, 'vizwiz-vqa'!E2, 'vqav2'!E2) | F2: =AVERAGE('ai2d'!F2, 'chartqa'!F2, 'docvqa'!F2, 'gqa'!F2, 'infographicvqa'!F2, 'lego-puzzles'!F2, 'mmbench'!F2, 'mmmu'!F2, 'pope'!F2, 'scienceqa'!F2, 'seedbench'!F2, 'textvqa'!F2, 'vizwiz-vqa'!F2, 'vqav2'!F2)
A3: M3-LLaVA | B3: TS | C3: =AVERAGE('ai2d'!C3, 'chartqa'!C3, 'docvqa'!C3, 'gqa'!C3, 'infographicvqa'!C3, 'lego-puzzles'!C3, 'mmbench'!C3, 'mmmu'!C3, 'pope'!C3, 'scienceqa'!C3, 'seedbench'!C3, 'textvqa'!C3, 'vizwiz-vqa'!C3, 'vqav2'!C3) | D3: =AVERAGE('ai2d'!D3, 'chartqa'!D3, 'docvqa'!D3, 'gqa'!D3, 'infographicvqa'!D3, 'lego-puzzles'!D3, 'mmbench'!D3, 'mmmu'!D3, 'pope'!D3, 'scienceqa'!D3, 'seedbench'!D3, 'textvqa'!D3, 'vizwiz-vqa'!D3, 'vqav2'!D3) | E3: =AVERAGE('ai2d'!E3, 'chartqa'!E3, 'docvqa'!E3, 'gqa'!E3, 'infographicvqa'!E3, 'lego-puzzles'!E3, 'mmbench'!E3, 'mmmu'!E3, 'pope'!E3, 'scienceqa'!E3, 'seedbench'!E3, 'textvqa'!E3, 'vizwiz-vqa'!E3, 'vqav2'!E3) | F3: =AVERAGE('ai2d'!F3, 'chartqa'!F3, 'docvqa'!F3, 'gqa'!F3, 'infographicvqa'!F3, 'lego-puzzles'!F3, 'mmbench'!F3, 'mmmu'!F3, 'pope'!F3, 'scienceqa'!F3, 'seedbench'!F3, 'textvqa'!F3, 'vizwiz-vqa'!F3, 'vqav2'!F3)
A4: M3-LLaVA | B4: Platt 1d | C4: =AVERAGE('ai2d'!C4, 'chartqa'!C4, 'docvqa'!C4, 'gqa'!C4, 'infographicvqa'!C4, 'lego-puzzles'!C4, 'mmbench'!C4, 'mmmu'!C4, 'pope'!C4, 'scienceqa'!C4, 'seedbench'!C4, 'textvqa'!C4, 'vizwiz-vqa'!C4, 'vqav2'!C4) | D4: =AVERAGE('ai2d'!D4, 'chartqa'!D4, 'docvqa'!D4, 'gqa'!D4, 'infographicvqa'!D4, 'lego-puzzles'!D4, 'mmbench'!D4, 'mmmu'!D4, 'pope'!D4, 'scienceqa'!D4, 'seedbench'!D4, 'textvqa'!D4, 'vizwiz-vqa'!D4, 'vqav2'!D4) | E4: =AVERAGE('ai2d'!E4, 'chartqa'!E4, 'docvqa'!E4, 'gqa'!E4, 'infographicvqa'!E4, 'lego-puzzles'!E4, 'mmbench'!E4, 'mmmu'!E4, 'pope'!E4, 'scienceqa'!E4, 'seedbench'!E4, 'textvqa'!E4, 'vizwiz-vqa'!E4, 'vqav2'!E4) | F4: =AVERAGE('ai2d'!F4, 'chartqa'!F4, 'docvqa'!F4, 'gqa'!F4, 'infographicvqa'!F4, 'lego-puzzles'!F4, 'mmbench'!F4, 'mmmu'!F4, 'pope'!F4, 'scienceqa'!F4, 'seedbench'!F4, 'textvqa'!F4, 'vizwiz-vqa'!F4, 'vqav2'!F4)
A5: M3-LLaVA | B5: Platt (5d) | C5: =AVERAGE('ai2d'!C5, 'chartqa'!C5, 'docvqa'!C5, 'gqa'!C5, 'infographicvqa'!C5, 'lego-puzzles'!C5, 'mmbench'!C5, 'mmmu'!C5, 'pope'!C5, 'scienceqa'!C5, 'seedbench'!C5, 'textvqa'!C5, 'vizwiz-vqa'!C5, 'vqav2'!C5) | D5: =AVERAGE('ai2d'!D5, 'chartqa'!D5, 'docvqa'!D5, 'gqa'!D5, 'infographicvqa'!D5, 'lego-puzzles'!D5, 'mmbench'!D5, 'mmmu'!D5, 'pope'!D5, 'scienceqa'!D5, 'seedbench'!D5, 'textvqa'!D5, 'vizwiz-vqa'!D5, 'vqav2'!D5) | E5: =AVERAGE('ai2d'!E5, 'chartqa'!E5, 'docvqa'!E5, 'gqa'!E5, 'infographicvqa'!E5, 'lego-puzzles'!E5, 'mmbench'!E5, 'mmmu'!E5, 'pope'!E5, 'scienceqa'!E5, 'seedbench'!E5, 'textvqa'!E5, 'vizwiz-vqa'!E5, 'vqav2'!E5) | F5: =AVERAGE('ai2d'!F5, 'chartqa'!F5, 'docvqa'!F5, 'gqa'!F5, 'infographicvqa'!F5, 'lego-puzzles'!F5, 'mmbench'!F5, 'mmmu'!F5, 'pope'!F5, 'scienceqa'!F5, 'seedbench'!F5, 'textvqa'!F5, 'vizwiz-vqa'!F5, 'vqav2'!F5)
A6: M3-LLaVA | B6: Platt (17D) | C6: =AVERAGE('ai2d'!C6, 'chartqa'!C6, 'docvqa'!C6, 'gqa'!C6, 'infographicvqa'!C6, 'lego-puzzles'!C6, 'mmbench'!C6, 'mmmu'!C6, 'pope'!C6, 'scienceqa'!C6, 'seedbench'!C6, 'textvqa'!C6, 'vizwiz-vqa'!C6, 'vqav2'!C6) | D6: =AVERAGE('ai2d'!D6, 'chartqa'!D6, 'docvqa'!D6, 'gqa'!D6, 'infographicvqa'!D6, 'lego-puzzles'!D6, 'mmbench'!D6, 'mmmu'!D6, 'pope'!D6, 'scienceqa'!D6, 'seedbench'!D6, 'textvqa'!D6, 'vizwiz-vqa'!D6, 'vqav2'!D6) | E6: =AVERAGE('ai2d'!E6, 'chartqa'!E6, 'docvqa'!E6, 'gqa'!E6, 'infographicvqa'!E6, 'lego-puzzles'!E6, 'mmbench'!E6, 'mmmu'!E6, 'pope'!E6, 'scienceqa'!E6, 'seedbench'!E6, 'textvqa'!E6, 'vizwiz-vqa'!E6, 'vqav2'!E6) | F6: =AVERAGE('ai2d'!F6, 'chartqa'!F6, 'docvqa'!F6, 'gqa'!F6, 'infographicvqa'!F6, 'lego-puzzles'!F6, 'mmbench'!F6, 'mmmu'!F6, 'pope'!F6, 'scienceqa'!F6, 'seedbench'!F6, 'textvqa'!F6, 'vizwiz-vqa'!F6, 'vqav2'!F6)
A7: M3-LLaVA | B7: VCPS (5D) | C7: =AVERAGE('ai2d'!C7, 'chartqa'!C7, 'docvqa'!C7, 'gqa'!C7, 'infographicvqa'!C7, 'lego-puzzles'!C7, 'mmbench'!C7, 'mmmu'!C7, 'pope'!C7, 'scienceqa'!C7, 'seedbench'!C7, 'textvqa'!C7, 'vizwiz-vqa'!C7, 'vqav2'!C7) | D7: =AVERAGE('ai2d'!D7, 'chartqa'!D7, 'docvqa'!D7, 'gqa'!D7, 'infographicvqa'!D7, 'lego-puzzles'!D7, 'mmbench'!D7, 'mmmu'!D7, 'pope'!D7, 'scienceqa'!D7, 'seedbench'!D7, 'textvqa'!D7, 'vizwiz-vqa'!D7, 'vqav2'!D7) | E7: =AVERAGE('ai2d'!E7, 'chartqa'!E7, 'docvqa'!E7, 'gqa'!E7, 'infographicvqa'!E7, 'lego-puzzles'!E7, 'mmbench'!E7, 'mmmu'!E7, 'pope'!E7, 'scienceqa'!E7, 'seedbench'!E7, 'textvqa'!E7, 'vizwiz-vqa'!E7, 'vqav2'!E7) | F7: =AVERAGE('ai2d'!F7, 'chartqa'!F7, 'docvqa'!F7, 'gqa'!F7, 'infographicvqa'!F7, 'lego-puzzles'!F7, 'mmbench'!F7, 'mmmu'!F7, 'pope'!F7, 'scienceqa'!F7, 'seedbench'!F7, 'textvqa'!F7, 'vizwiz-vqa'!F7, 'vqav2'!F7)
A8: M3-LLaVA | B8: VCPS (17D) | C8: =AVERAGE('ai2d'!C8, 'chartqa'!C8, 'docvqa'!C8, 'gqa'!C8, 'infographicvqa'!C8, 'lego-puzzles'!C8, 'mmbench'!C8, 'mmmu'!C8, 'pope'!C8, 'scienceqa'!C8, 'seedbench'!C8, 'textvqa'!C8, 'vizwiz-vqa'!C8, 'vqav2'!C8) | D8: =AVERAGE('ai2d'!D8, 'chartqa'!D8, 'docvqa'!D8, 'gqa'!D8, 'infographicvqa'!D8, 'lego-puzzles'!D8, 'mmbench'!D8, 'mmmu'!D8, 'pope'!D8, 'scienceqa'!D8, 'seedbench'!D8, 'textvqa'!D8, 'vizwiz-vqa'!D8, 'vqav2'!D8) | E8: =AVERAGE('ai2d'!E8, 'chartqa'!E8, 'docvqa'!E8, 'gqa'!E8, 'infographicvqa'!E8, 'lego-puzzles'!E8, 'mmbench'!E8, 'mmmu'!E8, 'pope'!E8, 'scienceqa'!E8, 'seedbench'!E8, 'textvqa'!E8, 'vizwiz-vqa'!E8, 'vqav2'!E8) | F8: =AVERAGE('ai2d'!F8, 'chartqa'!F8, 'docvqa'!F8, 'gqa'!F8, 'infographicvqa'!F8, 'lego-puzzles'!F8, 'mmbench'!F8, 'mmmu'!F8, 'pope'!F8, 'scienceqa'!F8, 'seedbench'!F8, 'textvqa'!F8, 'vizwiz-vqa'!F8, 'vqav2'!F8)
A9: M3-LLaVA | B9: Umpire | C9: =AVERAGE('ai2d'!C9, 'chartqa'!C9, 'docvqa'!C9, 'gqa'!C9, 'infographicvqa'!C9, 'lego-puzzles'!C9, 'mmbench'!C9, 'mmmu'!C9, 'pope'!C9, 'scienceqa'!C9, 'seedbench'!C9, 'textvqa'!C9, 'vizwiz-vqa'!C9, 'vqav2'!C9) | D9: - | E9: =AVERAGE('ai2d'!E9, 'chartqa'!E9, 'docvqa'!E9, 'gqa'!E9, 'infographicvqa'!E9, 'lego-puzzles'!E9, 'mmbench'!E9, 'mmmu'!E9, 'pope'!E9, 'scienceqa'!E9, 'seedbench'!E9, 'textvqa'!E9, 'vizwiz-vqa'!E9, 'vqav2'!E9) | F9: -
A10: M3-LLaVA | B10: Eigen score | C10: =AVERAGE('ai2d'!C10, 'chartqa'!C10, 'docvqa'!C10, 'gqa'!C10, 'infographicvqa'!C10, 'lego-puzzles'!C10, 'mmbench'!C10, 'mmmu'!C10, 'pope'!C10, 'scienceqa'!C10, 'seedbench'!C10, 'textvqa'!C10, 'vizwiz-vqa'!C10, 'vqav2'!C10) | D10: - | E10: =AVERAGE('ai2d'!E10, 'chartqa'!E10, 'docvqa'!E10, 'gqa'!E10, 'infographicvqa'!E10, 'lego-puzzles'!E10, 'mmbench'!E10, 'mmmu'!E10, 'pope'!E10, 'scienceqa'!E10, 'seedbench'!E10, 'textvqa'!E10, 'vizwiz-vqa'!E10, 'vqav2'!E10) | F10: -
A11: M3-LLaVA | B11: LN entropy | C11: =AVERAGE('ai2d'!C11, 'chartqa'!C11, 'docvqa'!C11, 'gqa'!C11, 'infographicvqa'!C11, 'lego-puzzles'!C11, 'mmbench'!C11, 'mmmu'!C11, 'pope'!C11, 'scienceqa'!C11, 'seedbench'!C11, 'textvqa'!C11, 'vizwiz-vqa'!C11, 'vqav2'!C11) | D11: - | E11: =AVERAGE('ai2d'!E11, 'chartqa'!E11, 'docvqa'!E11, 'gqa'!E11, 'infographicvqa'!E11, 'lego-puzzles'!E11, 'mmbench'!E11, 'mmmu'!E11, 'pope'!E11, 'scienceqa'!E11, 'seedbench'!E11, 'textvqa'!E11, 'vizwiz-vqa'!E11, 'vqav2'!E11) | F11: -
A12: M3-LLaVA | B12: Semantic entropy | C12: =AVERAGE('ai2d'!C12, 'chartqa'!C12, 'docvqa'!C12, 'gqa'!C12, 'infographicvqa'!C12, 'lego-puzzles'!C12, 'mmbench'!C12, 'mmmu'!C12, 'pope'!C12, 'scienceqa'!C12, 'seedbench'!C12, 'textvqa'!C12, 'vizwiz-vqa'!C12, 'vqav2'!C12) | D12: - | E12: =AVERAGE('ai2d'!E12, 'chartqa'!E12, 'docvqa'!E12, 'gqa'!E12, 'infographicvqa'!E12, 'lego-puzzles'!E12, 'mmbench'!E12, 'mmmu'!E12, 'pope'!E12, 'scienceqa'!E12, 'seedbench'!E12, 'textvqa'!E12, 'vizwiz-vqa'!E12, 'vqav2'!E12) | F12: -
A14: MQT-LLaVA | B14: NC | C14: =AVERAGE('ai2d'!C14, 'chartqa'!C14, 'docvqa'!C14, 'gqa'!C14, 'infographicvqa'!C14, 'lego-puzzles'!C14, 'mmbench'!C14, 'mmmu'!C14, 'pope'!C14, 'scienceqa'!C14, 'seedbench'!C14, 'textvqa'!C14, 'vizwiz-vqa'!C14, 'vqav2'!C14) | D14: =AVERAGE('ai2d'!D14, 'chartqa'!D14, 'docvqa'!D14, 'gqa'!D14, 'infographicvqa'!D14, 'lego-puzzles'!D14, 'mmbench'!D14, 'mmmu'!D14, 'pope'!D14, 'scienceqa'!D14, 'seedbench'!D14, 'textvqa'!D14, 'vizwiz-vqa'!D14, 'vqav2'!D14) | E14: =AVERAGE('ai2d'!E14, 'chartqa'!E14, 'docvqa'!E14, 'gqa'!E14, 'infographicvqa'!E14, 'lego-puzzles'!E14, 'mmbench'!E14, 'mmmu'!E14, 'pope'!E14, 'scienceqa'!E14, 'seedbench'!E14, 'textvqa'!E14, 'vizwiz-vqa'!E14, 'vqav2'!E14) | F14: =AVERAGE('ai2d'!F14, 'chartqa'!F14, 'docvqa'!F14, 'gqa'!F14, 'infographicvqa'!F14, 'lego-puzzles'!F14, 'mmbench'!F14, 'mmmu'!F14, 'pope'!F14, 'scienceqa'!F14, 'seedbench'!F14, 'textvqa'!F14, 'vizwiz-vqa'!F14, 'vqav2'!F14)
A15: MQT-LLaVA | B15: TS | C15: =AVERAGE('ai2d'!C15, 'chartqa'!C15, 'docvqa'!C15, 'gqa'!C15, 'infographicvqa'!C15, 'lego-puzzles'!C15, 'mmbench'!C15, 'mmmu'!C15, 'pope'!C15, 'scienceqa'!C15, 'seedbench'!C15, 'textvqa'!C15, 'vizwiz-vqa'!C15, 'vqav2'!C15) | D15: =AVERAGE('ai2d'!D15, 'chartqa'!D15, 'docvqa'!D15, 'gqa'!D15, 'infographicvqa'!D15, 'lego-puzzles'!D15, 'mmbench'!D15, 'mmmu'!D15, 'pope'!D15, 'scienceqa'!D15, 'seedbench'!D15, 'textvqa'!D15, 'vizwiz-vqa'!D15, 'vqav2'!D15) | E15: =AVERAGE('ai2d'!E15, 'chartqa'!E15, 'docvqa'!E15, 'gqa'!E15, 'infographicvqa'!E15, 'lego-puzzles'!E15, 'mmbench'!E15, 'mmmu'!E15, 'pope'!E15, 'scienceqa'!E15, 'seedbench'!E15, 'textvqa'!E15, 'vizwiz-vqa'!E15, 'vqav2'!E15) | F15: =AVERAGE('ai2d'!F15, 'chartqa'!F15, 'docvqa'!F15, 'gqa'!F15, 'infographicvqa'!F15, 'lego-puzzles'!F15, 'mmbench'!F15, 'mmmu'!F15, 'pope'!F15, 'scienceqa'!F15, 'seedbench'!F15, 'textvqa'!F15, 'vizwiz-vqa'!F15, 'vqav2'!F15)
A16: MQT-LLaVA | B16: Platt 1d | C16: =AVERAGE('ai2d'!C16, 'chartqa'!C16, 'docvqa'!C16, 'gqa'!C16, 'infographicvqa'!C16, 'lego-puzzles'!C16, 'mmbench'!C16, 'mmmu'!C16, 'pope'!C16, 'scienceqa'!C16, 'seedbench'!C16, 'textvqa'!C16, 'vizwiz-vqa'!C16, 'vqav2'!C16) | D16: =AVERAGE('ai2d'!D16, 'chartqa'!D16, 'docvqa'!D16, 'gqa'!D16, 'infographicvqa'!D16, 'lego-puzzles'!D16, 'mmbench'!D16, 'mmmu'!D16, 'pope'!D16, 'scienceqa'!D16, 'seedbench'!D16, 'textvqa'!D16, 'vizwiz-vqa'!D16, 'vqav2'!D16) | E16: =AVERAGE('ai2d'!E16, 'chartqa'!E16, 'docvqa'!E16, 'gqa'!E16, 'infographicvqa'!E16, 'lego-puzzles'!E16, 'mmbench'!E16, 'mmmu'!E16, 'pope'!E16, 'scienceqa'!E16, 'seedbench'!E16, 'textvqa'!E16, 'vizwiz-vqa'!E16, 'vqav2'!E16) | F16: =AVERAGE('ai2d'!F16, 'chartqa'!F16, 'docvqa'!F16, 'gqa'!F16, 'infographicvqa'!F16, 'lego-puzzles'!F16, 'mmbench'!F16, 'mmmu'!F16, 'pope'!F16, 'scienceqa'!F16, 'seedbench'!F16, 'textvqa'!F16, 'vizwiz-vqa'!F16, 'vqav2'!F16)
A17: MQT-LLaVA | B17: Platt (5d) | C17: =AVERAGE('ai2d'!C17, 'chartqa'!C17, 'docvqa'!C17, 'gqa'!C17, 'infographicvqa'!C17, 'lego-puzzles'!C17, 'mmbench'!C17, 'mmmu'!C17, 'pope'!C17, 'scienceqa'!C17, 'seedbench'!C17, 'textvqa'!C17, 'vizwiz-vqa'!C17, 'vqav2'!C17) | D17: =AVERAGE('ai2d'!D17, 'chartqa'!D17, 'docvqa'!D17, 'gqa'!D17, 'infographicvqa'!D17, 'lego-puzzles'!D17, 'mmbench'!D17, 'mmmu'!D17, 'pope'!D17, 'scienceqa'!D17, 'seedbench'!D17, 'textvqa'!D17, 'vizwiz-vqa'!D17, 'vqav2'!D17) | E17: =AVERAGE('ai2d'!E17, 'chartqa'!E17, 'docvqa'!E17, 'gqa'!E17, 'infographicvqa'!E17, 'lego-puzzles'!E17, 'mmbench'!E17, 'mmmu'!E17, 'pope'!E17, 'scienceqa'!E17, 'seedbench'!E17, 'textvqa'!E17, 'vizwiz-vqa'!E17, 'vqav2'!E17) | F17: =AVERAGE('ai2d'!F17, 'chartqa'!F17, 'docvqa'!F17, 'gqa'!F17, 'infographicvqa'!F17, 'lego-puzzles'!F17, 'mmbench'!F17, 'mmmu'!F17, 'pope'!F17, 'scienceqa'!F17, 'seedbench'!F17, 'textvqa'!F17, 'vizwiz-vqa'!F17, 'vqav2'!F17)
A18: MQT-LLaVA | B18: Platt (17D) | C18: =AVERAGE('ai2d'!C18, 'chartqa'!C18, 'docvqa'!C18, 'gqa'!C18, 'infographicvqa'!C18, 'lego-puzzles'!C18, 'mmbench'!C18, 'mmmu'!C18, 'pope'!C18, 'scienceqa'!C18, 'seedbench'!C18, 'textvqa'!C18, 'vizwiz-vqa'!C18, 'vqav2'!C18) | D18: =AVERAGE('ai2d'!D18, 'chartqa'!D18, 'docvqa'!D18, 'gqa'!D18, 'infographicvqa'!D18, 'lego-puzzles'!D18, 'mmbench'!D18, 'mmmu'!D18, 'pope'!D18, 'scienceqa'!D18, 'seedbench'!D18, 'textvqa'!D18, 'vizwiz-vqa'!D18, 'vqav2'!D18) | E18: =AVERAGE('ai2d'!E18, 'chartqa'!E18, 'docvqa'!E18, 'gqa'!E18, 'infographicvqa'!E18, 'lego-puzzles'!E18, 'mmbench'!E18, 'mmmu'!E18, 'pope'!E18, 'scienceqa'!E18, 'seedbench'!E18, 'textvqa'!E18, 'vizwiz-vqa'!E18, 'vqav2'!E18) | F18: =AVERAGE('ai2d'!F18, 'chartqa'!F18, 'docvqa'!F18, 'gqa'!F18, 'infographicvqa'!F18, 'lego-puzzles'!F18, 'mmbench'!F18, 'mmmu'!F18, 'pope'!F18, 'scienceqa'!F18, 'seedbench'!F18, 'textvqa'!F18, 'vizwiz-vqa'!F18, 'vqav2'!F18)
A19: MQT-LLaVA | B19: VCPS (5D) | C19: =AVERAGE('ai2d'!C19, 'chartqa'!C19, 'docvqa'!C19, 'gqa'!C19, 'infographicvqa'!C19, 'lego-puzzles'!C19, 'mmbench'!C19, 'mmmu'!C19, 'pope'!C19, 'scienceqa'!C19, 'seedbench'!C19, 'textvqa'!C19, 'vizwiz-vqa'!C19, 'vqav2'!C19) | D19: =AVERAGE('ai2d'!D19, 'chartqa'!D19, 'docvqa'!D19, 'gqa'!D19, 'infographicvqa'!D19, 'lego-puzzles'!D19, 'mmbench'!D19, 'mmmu'!D19, 'pope'!D19, 'scienceqa'!D19, 'seedbench'!D19, 'textvqa'!D19, 'vizwiz-vqa'!D19, 'vqav2'!D19) | E19: =AVERAGE('ai2d'!E19, 'chartqa'!E19, 'docvqa'!E19, 'gqa'!E19, 'infographicvqa'!E19, 'lego-puzzles'!E19, 'mmbench'!E19, 'mmmu'!E19, 'pope'!E19, 'scienceqa'!E19, 'seedbench'!E19, 'textvqa'!E19, 'vizwiz-vqa'!E19, 'vqav2'!E19) | F19: =AVERAGE('ai2d'!F19, 'chartqa'!F19, 'docvqa'!F19, 'gqa'!F19, 'infographicvqa'!F19, 'lego-puzzles'!F19, 'mmbench'!F19, 'mmmu'!F19, 'pope'!F19, 'scienceqa'!F19, 'seedbench'!F19, 'textvqa'!F19, 'vizwiz-vqa'!F19, 'vqav2'!F19)
A20: MQT-LLaVA | B20: VCPS (17D) | C20: =AVERAGE('ai2d'!C20, 'chartqa'!C20, 'docvqa'!C20, 'gqa'!C20, 'infographicvqa'!C20, 'lego-puzzles'!C20, 'mmbench'!C20, 'mmmu'!C20, 'pope'!C20, 'scienceqa'!C20, 'seedbench'!C20, 'textvqa'!C20, 'vizwiz-vqa'!C20, 'vqav2'!C20) | D20: =AVERAGE('ai2d'!D20, 'chartqa'!D20, 'docvqa'!D20, 'gqa'!D20, 'infographicvqa'!D20, 'lego-puzzles'!D20, 'mmbench'!D20, 'mmmu'!D20, 'pope'!D20, 'scienceqa'!D20, 'seedbench'!D20, 'textvqa'!D20, 'vizwiz-vqa'!D20, 'vqav2'!D20) | E20: =AVERAGE('ai2d'!E20, 'chartqa'!E20, 'docvqa'!E20, 'gqa'!E20, 'infographicvqa'!E20, 'lego-puzzles'!E20, 'mmbench'!E20, 'mmmu'!E20, 'pope'!E20, 'scienceqa'!E20, 'seedbench'!E20, 'textvqa'!E20, 'vizwiz-vqa'!E20, 'vqav2'!E20) | F20: =AVERAGE('ai2d'!F20, 'chartqa'!F20, 'docvqa'!F20, 'gqa'!F20, 'infographicvqa'!F20, 'lego-puzzles'!F20, 'mmbench'!F20, 'mmmu'!F20, 'pope'!F20, 'scienceqa'!F20, 'seedbench'!F20, 'textvqa'!F20, 'vizwiz-vqa'!F20, 'vqav2'!F20)
A21: MQT-LLaVA | B21: Umpire | C21: =AVERAGE('ai2d'!C21, 'chartqa'!C21, 'docvqa'!C21, 'gqa'!C21, 'infographicvqa'!C21, 'lego-puzzles'!C21, 'mmbench'!C21, 'mmmu'!C21, 'pope'!C21, 'scienceqa'!C21, 'seedbench'!C21, 'textvqa'!C21, 'vizwiz-vqa'!C21, 'vqav2'!C21) | D21: - | E21: =AVERAGE('ai2d'!E21, 'chartqa'!E21, 'docvqa'!E21, 'gqa'!E21, 'infographicvqa'!E21, 'lego-puzzles'!E21, 'mmbench'!E21, 'mmmu'!E21, 'pope'!E21, 'scienceqa'!E21, 'seedbench'!E21, 'textvqa'!E21, 'vizwiz-vqa'!E21, 'vqav2'!E21) | F21: -
A22: MQT-LLaVA | B22: Eigen score | C22: =AVERAGE('ai2d'!C22, 'chartqa'!C22, 'docvqa'!C22, 'gqa'!C22, 'infographicvqa'!C22, 'lego-puzzles'!C22, 'mmbench'!C22, 'mmmu'!C22, 'pope'!C22, 'scienceqa'!C22, 'seedbench'!C22, 'textvqa'!C22, 'vizwiz-vqa'!C22, 'vqav2'!C22) | D22: - | E22: =AVERAGE('ai2d'!E22, 'chartqa'!E22, 'docvqa'!E22, 'gqa'!E22, 'infographicvqa'!E22, 'lego-puzzles'!E22, 'mmbench'!E22, 'mmmu'!E22, 'pope'!E22, 'scienceqa'!E22, 'seedbench'!E22, 'textvqa'!E22, 'vizwiz-vqa'!E22, 'vqav2'!E22) | F22: -
A23: MQT-LLaVA | B23: LN entropy | C23: =AVERAGE('ai2d'!C23, 'chartqa'!C23, 'docvqa'!C23, 'gqa'!C23, 'infographicvqa'!C23, 'lego-puzzles'!C23, 'mmbench'!C23, 'mmmu'!C23, 'pope'!C23, 'scienceqa'!C23, 'seedbench'!C23, 'textvqa'!C23, 'vizwiz-vqa'!C23, 'vqav2'!C23) | D23: - | E23: =AVERAGE('ai2d'!E23, 'chartqa'!E23, 'docvqa'!E23, 'gqa'!E23, 'infographicvqa'!E23, 'lego-puzzles'!E23, 'mmbench'!E23, 'mmmu'!E23, 'pope'!E23, 'scienceqa'!E23, 'seedbench'!E23, 'textvqa'!E23, 'vizwiz-vqa'!E23, 'vqav2'!E23) | F23: -
A24: MQT-LLaVA | B24: Semantic entropy | C24: =AVERAGE('ai2d'!C24, 'chartqa'!C24, 'docvqa'!C24, 'gqa'!C24, 'infographicvqa'!C24, 'lego-puzzles'!C24, 'mmbench'!C24, 'mmmu'!C24, 'pope'!C24, 'scienceqa'!C24, 'seedbench'!C24, 'textvqa'!C24, 'vizwiz-vqa'!C24, 'vqav2'!C24) | D24: - | E24: =AVERAGE('ai2d'!E24, 'chartqa'!E24, 'docvqa'!E24, 'gqa'!E24, 'infographicvqa'!E24, 'lego-puzzles'!E24, 'mmbench'!E24, 'mmmu'!E24, 'pope'!E24, 'scienceqa'!E24, 'seedbench'!E24, 'textvqa'!E24, 'vizwiz-vqa'!E24, 'vqav2'!E24) | F24: -

Sheet ai2d
A1: Model | B1: Method | C1: ECE (%) | D1: Ada-ECE (%) | E1: AUROC | F1: Brier
A2: M3-LLaVA | B2: NC | C2: 0.41798913 | D2: 0.41798913 | E2: 0.59782305 | F2: 0.41799076
A3: M3-LLaVA | B3: TS | C3: 0.085637982 | D3: 0.09375854 | E3: 0.59782305 | F3: 0.24740113
A4: M3-LLaVA | B4: Platt 1d | C4: 0.034906603 | D4: 0.051917994 | E4: 0.59782305 | F4: 0.23941954
A5: M3-LLaVA | B5: Platt (5d) | C5: 0.070236234 | D5: 0.095261352 | E5: 0.64524244 | F5: 0.23088682
A6: M3-LLaVA | B6: Platt (17D) | C6: 0.075655244 | D6: 0.093770205 | E6: 0.64361466 | F6: 0.23130366
A7: M3-LLaVA | B7: VCPS (5D) | C7: 0.057631877 | D7: 0.11355659 | E7: 0.63716108 | F7: 0.2321491
A8: M3-LLaVA | B8: VCPS (17D) | C8: 0.067151477 | D8: 0.095746071 | E8: 0.63674181 | F8: 0.23232979
A9: M3-LLaVA | B9: Umpire | C9: 0.286 | D9: - | E9: 0.608 | F9: -
A10: M3-LLaVA | B10: Eigen score | C10: 0.272 | D10: - | E10: 0.607 | F10: -
A11: M3-LLaVA | B11: LN entropy | C11: 0.294 | D11: - | E11: 0.617 | F11: -
A12: M3-LLaVA | B12: Semantic entropy | C12: 0.316 | D12: - | E12: 0.604 | F12: -
A14: MQT-LLaVA | B14: NC | C14: 0.24338896 | D14: 0.24318656 | E14: 0.70495428 | F14: 0.28618308
A15: MQT-LLaVA | B15: TS | C15: 0.1104326 | D15: 0.13009354 | E15: 0.70495428 | F15: 0.22817466
A16: MQT-LLaVA | B16: Platt 1d | C16: 0.07885393 | D16: 0.095069662 | E16: 0.70495428 | F16: 0.21715337
A17: MQT-LLaVA | B17: Platt (5d) | C17: 0.14660894 | D17: 0.12481332 | E17: 0.69731685 | F17: 0.2179411
A18: MQT-LLaVA | B18: Platt (17D) | C18: 0.12092518 | D18: 0.13623593 | E18: 0.6794292 | F18: 0.22384875
A19: MQT-LLaVA | B19: VCPS (5D) | C19: 0.086625911 | D19: 0.1136475 | E19: 0.70314541 | F19: 0.21691362
A20: MQT-LLaVA | B20: VCPS (17D) | C20: 0.077949712 | D20: 0.12304382 | E20: 0.70626068 | F20: 0.21687342
A21: MQT-LLaVA | B21: Umpire | C21: 0.318 | D21: - | E21: 0.612 | F21: -
A22: MQT-LLaVA | B22: Eigen score | C22: 0.315 | D22: - | E22: 0.639 | F22: -
A23: MQT-LLaVA | B23: LN entropy | C23: 0.324 | D23: - | E23: 0.611 | F23: -
A24: MQT-LLaVA | B24: Semantic entropy | C24: 0.357 | D24: - | E24: 0.594 | F24: -

Sheet chartqa
A1: Model | B1: Method | C1: ECE (%) | D1: Ada-ECE (%) | E1: AUROC | F1: Brier
A2: M3-LLaVA | B2: NC | C2: 0.70702878 | D2: 0.70702878 | E2: 0.83496947 | F2: 0.60770892
A3: M3-LLaVA | B3: TS | C3: 0.45447646 | D3: 0.4506788 | E3: 0.83496947 | F3: 0.27753495
A4: M3-LLaVA | B4: Platt 1d | C4: 0.029624544 | D4: 0.023548113 | E4: 0.83496947 | F4: 0.06848484
A5: M3-LLaVA | B5: Platt (5d) | C5: 0.034111469 | D5: 0.032665727 | E5: 0.82749695 | F5: 0.068418583
A6: M3-LLaVA | B6: Platt (17D) | C6: 0.030706569 | D6: 0.035460331 | E6: 0.82544567 | F6: 0.068550673
A7: M3-LLaVA | B7: VCPS (5D) | C7: 0.03283006 | D7: 0.020323009 | E7: 0.83604396 | F7: 0.06834949
A8: M3-LLaVA | B8: VCPS (17D) | C8: 0.026722441 | D8: 0.022213591 | E8: 0.83833944 | F8: 0.068161914
A9: M3-LLaVA | B9: Umpire | C9: 0.088 | D9: - | E9: 0.828 | F9: -
A10: M3-LLaVA | B10: Eigen score | C10: 0.193 | D10: - | E10: 0.818 | F10: -
A11: M3-LLaVA | B11: LN entropy | C11: 0.089 | D11: - | E11: 0.734 | F11: -
A12: M3-LLaVA | B12: Semantic entropy | C12: 0.258 | D12: - | E12: 0.79 | F12: -
A14: MQT-LLaVA | B14: NC | C14: 0.62988167 | D14: 0.62988167 | E14: 0.46680286 | F14: 0.57052114
A15: MQT-LLaVA | B15: TS | C15: 0.41543103 | D15: 0.41543103 | E15: 0.46680286 | F15: 0.27183318
A16: MQT-LLaVA | B16: Platt 1d | C16: 0.028287244 | D16: 0.080334231 | E16: 0.53319714 | F16: 0.098018874
A17: MQT-LLaVA | B17: Platt (5d) | C17: 0.023703129 | D17: 0.06801687 | E17: 0.70607763 | F17: 0.091956671
A18: MQT-LLaVA | B18: Platt (17D) | C18: 0.027600663 | D18: 0.05124283 | E18: 0.71220633 | F18: 0.091377149
A19: MQT-LLaVA | B19: VCPS (5D) | C19: 0.0085364384 | D19: 0.04758188 | E19: 0.52604699 | F19: 0.097695112
A20: MQT-LLaVA | B20: VCPS (17D) | C20: 0.0041792454 | D20: 0.070499237 | E20: 0.61899898 | F20: 0.096898212
A21: MQT-LLaVA | B21: Umpire | C21: 0.1 | D21: - | E21: 0.861 | F21: -
A22: MQT-LLaVA | B22: Eigen score | C22: 0.249 | D22: - | E22: 0.855 | F22: -
A23: MQT-LLaVA | B23: LN entropy | C23: 0.148 | D23: - | E23: 0.71 | F23: -
A24: MQT-LLaVA | B24: Semantic entropy | C24: 0.377 | D24: - | E24: 0.83 | F24: -

Sheet docvqa
A1: Model | B1: Method | C1: ECE (%) | D1: Ada-ECE (%) | E1: AUROC | F1: Brier
A2: M3-LLaVA | B2: NC | C2: 0.73518361 | D2: 0.73518361 | E2: 0.73202739 | F2: 0.63202512
A3: M3-LLaVA | B3: TS | C3: 0.48855504 | D3: 0.48855504 | E3: 0.73202739 | F3: 0.2795691
A4: M3-LLaVA | B4: Platt 1d | C4: 0.017979937 | D4: 0.023872579 | E4: 0.73202739 | F4: 0.041796104
A5: M3-LLaVA | B5: Platt (5d) | C5: 0.020351384 | D5: 0.029276647 | E5: 0.73716242 | F5: 0.040919097
A6: M3-LLaVA | B6: Platt (17D) | C6: 0.016988132 | D6: 0.022796147 | E6: 0.74220236 | F6: 0.040959248
A7: M3-LLaVA | B7: VCPS (5D) | C7: 0.020085815 | D7: 0.025343158 | E7: 0.73706733 | F7: 0.041785784
A8: M3-LLaVA | B8: VCPS (17D) | C8: 0.021731607 | D8: 0.03113515 | E8: 0.73944466 | F8: 0.041778076
A9: M3-LLaVA | B9: Umpire | C9: 0.104 | D9: - | E9: 0.834 | F9: -
A10: M3-LLaVA | B10: Eigen score | C10: 0.297 | D10: - | E10: 0.83 | F10: -
A11: M3-LLaVA | B11: LN entropy | C11: 0.158 | D11: - | E11: 0.786 | F11: -
A12: M3-LLaVA | B12: Semantic entropy | C12: 0.371 | D12: - | E12: 0.809 | F12: -
A14: MQT-LLaVA | B14: NC | C14: 0.51182145 | D14: 0.51182145 | E14: 0.64388021 | F14: 0.38449072
A15: MQT-LLaVA | B15: TS | C15: 0.46625786 | D15: 0.46625786 | E15: 0.64388021 | F15: 0.25568574
A16: MQT-LLaVA | B16: Platt 1d | C16: 0.0046639566 | D16: 0.045588066 | E16: 0.64388021 | F16: 0.038270557
A17: MQT-LLaVA | B17: Platt (5d) | C17: 0.0079179805 | D17: 0.035950666 | E17: 0.68098958 | F17: 0.037250228
A18: MQT-LLaVA | B18: Platt (17D) | C18: 0.020116509 | D18: 0.039566132 | E18: 0.76953125 | F18: 0.036531061
A19: MQT-LLaVA | B19: VCPS (5D) | C19: 0.0047870042 | D19: 0.044233618 | E19: 0.65364583 | F19: 0.038213889
A20: MQT-LLaVA | B20: VCPS (17D) | C20: 0.0023121597 | D20: 0.030465732 | E20: 0.67708333 | F20: 0.037794477
A21: MQT-LLaVA | B21: Umpire | C21: 0.14 | D21: - | E21: 0.853 | F21: -
A22: MQT-LLaVA | B22: Eigen score | C22: 0.335 | D22: - | E22: 0.839 | F22: -
A23: MQT-LLaVA | B23: LN entropy | C23: 0.127 | D23: - | E23: 0.805 | F23: -
A24: MQT-LLaVA | B24: Semantic entropy | C24: 0.393 | D24: - | E24: 0.816 | F24: -

Sheet gqa
A1: Model | B1: Method | C1: ECE (%) | D1: Ada-ECE (%) | E1: AUROC | F1: Brier
A2: M3-LLaVA | B2: NC | C2: 0.32535603 | D2: 0.32426363 | E2: 0.68548445 | F2: 0.32213793
A3: M3-LLaVA | B3: TS | C3: 0.082420778 | D3: 0.098999749 | E3: 0.68548445 | F3: 0.20756698
A4: M3-LLaVA | B4: Platt 1d | C4: 0.040817026 | D4: 0.066988963 | E4: 0.68548445 | F4: 0.19881964
A5: M3-LLaVA | B5: Platt (5d) | C5: 0.04681834 | D5: 0.044728029 | E5: 0.70040942 | F5: 0.19854845
A6: M3-LLaVA | B6: Platt (17D) | C6: 0.0613725 | D6: 0.06192185 | E6: 0.68378003 | F6: 0.20410275
A7: M3-LLaVA | B7: VCPS (5D) | C7: 0.059227355 | D7: 0.059777525 | E7: 0.70807481 | F7: 0.19469694
A8: M3-LLaVA | B8: VCPS (17D) | C8: 0.05016006 | D8: 0.052519431 | E8: 0.71034738 | F8: 0.19407689
A9: M3-LLaVA | B9: Umpire | C9: 0.174 | D9: - | E9: 0.712 | F9: -
A10: M3-LLaVA | B10: Eigen score | C10: 0.176 | D10: - | E10: 0.69 | F10: -
A11: M3-LLaVA | B11: LN entropy | C11: 0.188 | D11: - | E11: 0.696 | F11: -
A12: M3-LLaVA | B12: Semantic entropy | C12: 0.253 | D12: - | E12: 0.623 | F12: -
A14: MQT-LLaVA | B14: NC | C14: 0.13639716 | D14: 0.10191072 | E14: 0.7571634 | F14: 0.18649725
A15: MQT-LLaVA | B15: TS | C15: 0.092105762 | D15: 0.1061457 | E15: 0.7571634 | F15: 0.18595295
A16: MQT-LLaVA | B16: Platt 1d | C16: 0.095556546 | D16: 0.10601581 | E16: 0.7571634 | F16: 0.18605053
A17: MQT-LLaVA | B17: Platt (5d) | C17: 0.13588671 | D17: 0.13943255 | E17: 0.76302688 | F17: 0.18514989
A18: MQT-LLaVA | B18: Platt (17D) | C18: 0.086990974 | D18: 0.091764548 | E18: 0.75672088 | F18: 0.18652734
A19: MQT-LLaVA | B19: VCPS (5D) | C19: 0.088042199 | D19: 0.11402423 | E19: 0.75882288 | F19: 0.185627
A20: MQT-LLaVA | B20: VCPS (17D) | C20: 0.085522058 | D20: 0.10195508 | E20: 0.75793782 | F20: 0.18617755
A21: MQT-LLaVA | B21: Umpire | C21: 0.167 | D21: - | E21: 0.715 | F21: -
A22: MQT-LLaVA | B22: Eigen score | C22: 0.187 | D22: - | E22: 0.696 | F22: -
A23: MQT-LLaVA | B23: LN entropy | C23: 0.198 | D23: - | E23: 0.698 | F23: -
A24: MQT-LLaVA | B24: Semantic entropy | C24: 0.3 | D24: - | E24: 0.624 | F24: -

Sheet infographicvqa
A1: Model | B1: Method | C1: ECE (%) | D1: Ada-ECE (%) | E1: AUROC | F1: Brier
A2: M3-LLaVA | B2: NC | C2: 0.84545465 | D2: 0.84545465 | E2: 0.42540323 | F2: 0.76407339
A3: M3-LLaVA | B3: TS | C3: 0.53909649 | D3: 0.53909649 | E3: 0.42540323 | F3: 0.3000389
A4: M3-LLaVA | B4: Platt 1d | C4: 0.00037441671 | D4: 0.011261251 | E4: 0.57459677 | F4: 0.0079307856
A5: M3-LLaVA | B5: Platt (5d) | C5: 0.0002762174 | D5: 0.010283287 | E5: 0.66179435 | F5: 0.0079132453
A6: M3-LLaVA | B6: Platt (17D) | C6: 0.00020596669 | D6: 0.012887219 | E6: 0.60332661 | F6: 0.0079298489
A7: M3-LLaVA | B7: VCPS (5D) | C7: 0.00058049568 | D7: 0.013139063 | E7: 0.42237903 | F7: 0.0079429399
A8: M3-LLaVA | B8: VCPS (17D) | C8: 0.0005686606 | D8: 0.012163135 | E8: 0.40725806 | F8: 0.0079434586
A9: M3-LLaVA | B9: Umpire | C9: 0.166 | D9: - | E9: 0.562 | F9: -
A10: M3-LLaVA | B10: Eigen score | C10: 0.348 | D10: - | E10: 0.561 | F10: -
A11: M3-LLaVA | B11: LN entropy | C11: 0.165 | D11: - | E11: 0.547 | F11: -
A12: M3-LLaVA | B12: Semantic entropy | C12: 0.392 | D12: - | E12: 0.534 | F12: -
A14: MQT-LLaVA | B14: NC | C14: 0.75508475 | D14: 0.75508475 | E14: 0.76884422 | F14: 0.65350077
A15: MQT-LLaVA | B15: TS | C15: 0.5262594 | D15: 0.5262594 | E15: 0.76884422 | F15: 0.28262145
A16: MQT-LLaVA | B16: Platt 1d | C16: 0.0028488136 | D16: 0.011062768 | E16: 0.76884422 | F16: 0.0049631737
A17: MQT-LLaVA | B17: Platt (5d) | C17: 0.0033310335 | D17: 0.011031621 | E17: 0.92462312 | F17: 0.0049267617
A18: MQT-LLaVA | B18: Platt (17D) | C18: 0.0031385535 | D18: 0.0097065458 | E18: 0.94472362 | F18: 0.0049065188
A19: MQT-LLaVA | B19: VCPS (5D) | C19: 0.0028518116 | D19: 0.011037692 | E19: 0.76884422 | F19: 0.0049638179
A20: MQT-LLaVA | B20: VCPS (17D) | C20: 0.0028525225 | D20: 0.011038926 | E20: 0.76884422 | F20: 0.0049633214
A21: MQT-LLaVA | B21: Umpire | C21: 0.261 | D21: - | E21: 0.646 | F21: -
A22: MQT-LLaVA | B22: Eigen score | C22: 0.478 | D22: - | E22: 0.648 | F22: -
A23: MQT-LLaVA | B23: LN entropy | C23: 0.341 | D23: - | E23: 0.615 | F23: -
A24: MQT-LLaVA | B24: Semantic entropy | C24: 0.475 | D24: - | E24: 0.648 | F24: -

Sheet lego-puzzles
A1: Model | B1: Method | C1: ECE (%) | D1: Ada-ECE (%) | E1: AUROC | F1: Brier
A2: M3-LLaVA | B2: NC | C2: 0.73159028 | D2: 0.73159028 | E2: 0.47657648 | F2: 0.73141178
A3: M3-LLaVA | B3: TS | C3: 0.34711436 | D3: 0.34711436 | E3: 0.47657648 | F3: 0.31595971
A4: M3-LLaVA | B4: Platt 1d | C4: 0.0071496394 | D4: 0.11887064 | E4: 0.47657648 | F4: 0.19583621
A5: M3-LLaVA | B5: Platt (5d) | C5: 0.056449175 | D5: 0.10286574 | E5: 0.65227919 | F5: 0.18991485
A6: M3-LLaVA | B6: Platt (17D) | C6: 0.043441689 | D6: 0.098545186 | E6: 0.6297505 | F6: 0.19278355
A7: M3-LLaVA | B7: VCPS (5D) | C7: 0.0086830753 | D7: 0.099444587 | E7: 0.52068639 | F7: 0.19425082
A8: M3-LLaVA | B8: VCPS (17D) | C8: 0.036495976 | D8: 0.09185404 | E8: 0.54574166 | F8: 0.19228123
A9: M3-LLaVA | B9: Umpire | C9: 0.11 | D9: - | E9: 0.588 | F9: -
A10: M3-LLaVA | B10: Eigen score | C10: 0.15 | D10: - | E10: 0.571 | F10: -
A11: M3-LLaVA | B11: LN entropy | C11: 0.212 | D11: - | E11: 0.551 | F11: -
A12: M3-LLaVA | B12: Semantic entropy | C12: 0.25 | D12: - | E12: 0.582 | F12: -
A14: MQT-LLaVA | B14: NC | C14: 0.34599678 | D14: 0.33796909 | E14: 0.5097032 | F14: 0.34744658
A15: MQT-LLaVA | B15: TS | C15: 0.23681645 | D15: 0.23681645 | E15: 0.5097032 | F15: 0.25387403
A16: MQT-LLaVA | B16: Platt 1d | C16: 0.0059885556 | D16: 0.12431596 | E16: 0.4902968 | F16: 0.19679366
A17: MQT-LLaVA | B17: Platt (5d) | C17: 0.056941404 | D17: 0.080703579 | E17: 0.606862 | F17: 0.19194477
A18: MQT-LLaVA | B18: Platt (17D) | C18: 0.081418073 | D18: 0.10848605 | E18: 0.57122019 | F18: 0.19508529
A19: MQT-LLaVA | B19: VCPS (5D) | C19: 0.071617667 | D19: 0.094169569 | E19: 0.62538052 | F19: 0.19493811
A20: MQT-LLaVA | B20: VCPS (17D) | C20: 0.042271887 | D20: 0.074021944 | E20: 0.61104769 | F20: 0.19281619
A21: MQT-LLaVA | B21: Umpire | C21: 0.276 | D21: - | E21: 0.537 | F21: -
A22: MQT-LLaVA | B22: Eigen score | C22: 0.394 | D22: - | E22: 0.502 | F22: -
A23: MQT-LLaVA | B23: LN entropy | C23: 0.253 | D23: - | E23: 0.531 | F23: -
A24: MQT-LLaVA | B24: Semantic entropy | C24: 0.452 | D24: - | E24: 0.533 | F24: -

Sheet mmbench
A1: Model | B1: Method | C1: ECE (%) | D1: Ada-ECE (%) | E1: AUROC | F1: Brier
A2: M3-LLaVA | B2: NC | C2: 0.2861641 | D2: 0.28577547 | E2: 0.62897886 | F2: 0.28601748
A3: M3-LLaVA | B3: TS | C3: 0.066813775 | D3: 0.078750814 | E3: 0.62897886 | F3: 0.201429
A4: M3-LLaVA | B4: Platt 1d | C4: 0.03069912 | D4: 0.054996607 | E4: 0.62897886 | F4: 0.19868998
A5: M3-LLaVA | B5: Platt (5d) | C5: 0.04092368 | D5: 0.052861358 | E5: 0.69108343 | F5: 0.1869267
A6: M3-LLaVA | B6: Platt (17D) | C6: 0.04830596 | D6: 0.051951263 | E6: 0.69264069 | F6: 0.18435885
A7: M3-LLaVA | B7: VCPS (5D) | C7: 0.057882151 | D7: 0.053790323 | E7: 0.69055454 | F7: 0.18855661
A8: M3-LLaVA | B8: VCPS (17D) | C8: 0.044938775 | D8: 0.049858263 | E8: 0.69324793 | F8: 0.18400824
A9: M3-LLaVA | B9: Umpire | C9: 0.193 | D9: - | E9: 0.658 | F9: -
A10: M3-LLaVA | B10: Eigen score | C10: 0.182 | D10: - | E10: 0.681 | F10: -
A11: M3-LLaVA | B11: LN entropy | C11: 0.205 | D11: - | E11: 0.66 | F11: -
A12: M3-LLaVA | B12: Semantic entropy | C12: 0.22 | D12: - | E12: 0.646 | F12: -
A14: MQT-LLaVA | B14: NC | C14: 0.15377307 | D14: 0.15265592 | E14: 0.8284873 | F14: 0.18655802
A15: MQT-LLaVA | B15: TS | C15: 0.098122201 | D15: 0.10241777 | E15: 0.8284873 | F15: 0.15602354
A16: MQT-LLaVA | B16: Platt 1d | C16: 0.081102713 | D16: 0.0838303 | E16: 0.8284873 | F16: 0.15027456
A17: MQT-LLaVA | B17: Platt (5d) | C17: 0.098814664 | D17: 0.10107202 | E17: 0.82652435 | F17: 0.15018912
A18: MQT-LLaVA | B18: Platt (17D) | C18: 0.05399257 | D18: 0.058199748 | E18: 0.84762606 | F18: 0.14142201
A19: MQT-LLaVA | B19: VCPS (5D) | C19: 0.064593436 | D19: 0.076561521 | E19: 0.82934609 | F19: 0.14976776
A20: MQT-LLaVA | B20: VCPS (17D) | C20: 0.059081418 | D20: 0.066763133 | E20: 0.83830205 | F20: 0.14540591
A21: MQT-LLaVA | B21: Umpire | C21: 0.221 | D21: - | E21: 0.618 | F21: -
A22: MQT-LLaVA | B22: Eigen score | C22: 0.209 | D22: - | E22: 0.675 | F22: -
A23: MQT-LLaVA | B23: LN entropy | C23: 0.222 | D23: - | E23: 0.613 | F23: -
A24: MQT-LLaVA | B24: Semantic entropy | C24: 0.233 | D24: - | E24: 0.596 | F24: -

Sheet mmmu
A1: Model | B1: Method | C1: ECE (%) | D1: Ada-ECE (%) | E1: AUROC | F1: Brier
A2: M3-LLaVA | B2: NC | C2: 0.78758871 | D2: 0.78758871 | E2: 0.63905325 | F2: 0.68887257
A3: M3-LLaVA | B3: TS | C3: 0.52205406 | D3: 0.52205406 | E3: 0.63905325 | F3: 0.29075262
A4: M3-LLaVA | B4: Platt 1d | C4: 0.018125896 | D4: 0.03440231 | E4: 0.63905325 | F4: 0.020471205
A5: M3-LLaVA | B5: Platt (5d) | C5: 0.016934889 | D5: 0.03648227 | E5: 0.62524655 | F5: 0.019943658
A6: M3-LLaVA | B6: Platt (17D) | C6: 0.018855253 | D6: 0.035978817 | E6: 0.6035503 | F6: 0.020591831
A7: M3-LLaVA | B7: VCPS (5D) | C7: 0.019552836 | D7: 0.034507754 | E7: 0.63905325 | F7: 0.020586924
A8: M3-LLaVA | B8: VCPS (17D) | C8: 0.019797844 | D8: 0.034702406 | E8: 0.64299803 | F8: 0.020706582
A9: M3-LLaVA | B9: Umpire | C9: 0.397 | D9: - | E9: 0.592 | F9: -
A10: M3-LLaVA | B10: Eigen score | C10: 0.501 | D10: - | E10: 0.602 | F10: -
A11: M3-LLaVA | B11: LN entropy | C11: 0.364 | D11: - | E11: 0.566 | F11: -
A12: M3-LLaVA | B12: Semantic entropy | C12: 0.476 | D12: - | E12: 0.568 | F12: -
A14: MQT-LLaVA | B14: NC | C14: 0.52240524 | D14: 0.52240524 | E14: 0.31470588 | F14: 0.36694835
A15: MQT-LLaVA | B15: TS | C15: 0.49318109 | D15: 0.49318109 | E15: 0.31470588 | F15: 0.25556138
A16: MQT-LLaVA | B16: Platt 1d | C16: 0.001558369 | D16: 0.021358841 | E16: 0.31470588 | F16: 0.011516185
A17: MQT-LLaVA | B17: Platt (5d) | C17: 0.0013724637 | D17: 0.020389259 | E17: 0.71470588 | F17: 0.011597374
A18: MQT-LLaVA | B18: Platt (17D) | C18: 0.0036219296 | D18: 0.020798149 | E18: 0.8 | F18: 0.011969898
A19: MQT-LLaVA | B19: VCPS (5D) | C19: 0.0015058123 | D19: 0.021458684 | E19: 0.34705882 | F19: 0.01151554
A20: MQT-LLaVA | B20: VCPS (17D) | C20: 0.0014977033 | D20: 0.021415795 | E20: 0.39411765 | F20: 0.01151347
A21: MQT-LLaVA | B21: Umpire | C21: 0.377 | D21: - | E21: 0.598 | F21: -
A22: MQT-LLaVA | B22: Eigen score | C22: 0.455 | D22: - | E22: 0.627 | F22: -
A23: MQT-LLaVA | B23: LN entropy | C23: 0.391 | D23: - | E23: 0.584 | F23: -
A24: MQT-LLaVA | B24: Semantic entropy | C24: 0.444 | D24: - | E24: 0.588 | F24: -

Sheet pope
A1: Model | B1: Method | C1: ECE (%) | D1: Ada-ECE (%) | E1: AUROC | F1: Brier
A2: M3-LLaVA | B2: NC | C2: 0.040300886 | D2: 0.042962621 | E2: 0.75242437 | F2: 0.091508407
A3: M3-LLaVA | B3: TS | C3: 0.036678715 | D3: 0.042336765 | E3: 0.75242437 | F3: 0.091373225
A4: M3-LLaVA | B4: Platt 1d | C4: 0.036949727 | D4: 0.043310066 | E4: 0.75242437 | F4: 0.09148835
A5: M3-LLaVA | B5: Platt (5d) | C5: 0.039182686 | D5: 0.047297739 | E5: 0.76407584 | F5: 0.091654401
A6: M3-LLaVA | B6: Platt (17D) | C6: 0.043984924 | D6: 0.055185251 | E6: 0.76154292 | F6: 0.093444014
A7: M3-LLaVA | B7: VCPS (5D) | C7: 0.036635679 | D7: 0.040117783 | E7: 0.76472717 | F7: 0.091049976
A8: M3-LLaVA | B8: VCPS (17D) | C8: 0.033763162 | D8: 0.038554818 | E8: 0.76458243 | F8: 0.090961423
A9: M3-LLaVA | B9: Umpire | C9: 0.135 | D9: - | E9: 0.666 | F9: -
A10: M3-LLaVA | B10: Eigen score | C10: 0.165 | D10: - | E10: 0.678 | F10: -
A11: M3-LLaVA | B11: LN entropy | C11: 0.128 | D11: - | E11: 0.668 | F11: -
A12: M3-LLaVA | B12: Semantic entropy | C12: 0.149 | D12: - | E12: 0.387 | F12: -
A14: MQT-LLaVA | B14: NC | C14: 0.070397903 | D14: 0.061833396 | E14: 0.81783659 | F14: 0.10299302
A15: MQT-LLaVA | B15: TS | C15: 0.05859338 | D15: 0.054359053 | E15: 0.81783659 | F15: 0.10141669
A16: MQT-LLaVA | B16: Platt 1d | C16: 0.043716629 | D16: 0.047928818 | E16: 0.81783659 | F16: 0.10069844
A17: MQT-LLaVA | B17: Platt (5d) | C17: 0.041002393 | D17: 0.050935695 | E17: 0.81962025 | F17: 0.10029762
A18: MQT-LLaVA | B18: Platt (17D) | C18: 0.042070194 | D18: 0.042100078 | E18: 0.82589183 | F18: 0.096775869
A19: MQT-LLaVA | B19: VCPS (5D) | C19: 0.044143635 | D19: 0.04820122 | E19: 0.81542002 | F19: 0.10047887
A20: MQT-LLaVA | B20: VCPS (17D) | C20: 0.054396925 | D20: 0.059272451 | E20: 0.81829689 | F20: 0.099759006
A21: MQT-LLaVA | B21: Umpire | C21: 0.147 | D21: - | E21: 0.693 | F21: -
A22: MQT-LLaVA | B22: Eigen score | C22: 0.181 | D22: - | E22: 0.616 | F22: -
A23: MQT-LLaVA | B23: LN entropy | C23: 0.139 | D23: - | E23: 0.683 | F23: -
A24: MQT-LLaVA | B24: Semantic entropy | C24: 0.167 | D24: - | E24: 0.368 | F24: -

Sheet scienceqa
A1: Model | B1: Method | C1: ECE (%) | D1: Ada-ECE (%) | E1: AUROC | F1: Brier
A2: M3-LLaVA | B2: NC | C2: 0.11082764 | D2: 0.10655409 | E2: 0.70145403 | F2: 0.15663562
A3: M3-LLaVA | B3: TS | C3: 0.086946869 | D3: 0.097558564 | E3: 0.70145403 | F3: 0.15292875
A4: M3-LLaVA | B4: Platt 1d | C4: 0.036271001 | D4: 0.07456787 | E4: 0.70145403 | F4: 0.14502628
A5: M3-LLaVA | B5: Platt (5d) | C5: 0.0268204 | D5: 0.046504285 | E5: 0.70253644 | F5: 0.14465497
A6: M3-LLaVA | B6: Platt (17D) | C6: 0.04378183 | D6: 0.054383655 | E6: 0.71512845 | F6: 0.14336439
A7: M3-LLaVA | B7: VCPS (5D) | C7: 0.036756165 | D7: 0.048257944 | E7: 0.70488166 | F7: 0.14459175
A8: M3-LLaVA | B8: VCPS (17D) | C8: 0.026049166 | D8: 0.066229742 | E8: 0.70383533 | F8: 0.14461876
A9: M3-LLaVA | B9: Umpire | C9: 0.251 | D9: - | E9: 0.662 | F9: -
A10: M3-LLaVA | B10: Eigen score | C10: 0.301 | D10: - | E10: 0.636 | F10: -
A11: M3-LLaVA | B11: LN entropy | C11: 0.268 | D11: - | E11: 0.659 | F11: -
A12: M3-LLaVA | B12: Semantic entropy | C12: 0.3 | D12: - | E12: 0.633 | F12: -
A14: MQT-LLaVA | B14: NC | C14: 0.2329019 | D14: 0.23041515 | E14: 0.77515463 | F14: 0.25289014
A15: MQT-LLaVA | B15: TS | C15: 0.10470538 | D15: 0.10841252 | E15: 0.77515463 | F15: 0.19372665
A16: MQT-LLaVA | B16: Platt 1d | C16: 0.077478913 | D16: 0.067806869 | E16: 0.77515463 | F16: 0.18508427
A17: MQT-LLaVA | B17: Platt (5d) | C17: 0.050874567 | D17: 0.050929389 | E17: 0.78265561 | F17: 0.17911933
A18: MQT-LLaVA | B18: Platt (17D) | C18: 0.05131983 | D18: 0.056904899 | E18: 0.77460192 | F18: 0.1814054
A19: MQT-LLaVA | B19: VCPS (5D) | C19: 0.047881146 | D19: 0.055014103 | E19: 0.77789183 | F19: 0.18280525
A20: MQT-LLaVA | B20: VCPS (17D) | C20: 0.044688414 | D20: 0.053671577 | E20: 0.78239242 | F20: 0.18139297
A21: MQT-LLaVA | B21: Umpire | C21: 0.302 | D21: - | E21: 0.581 | F21: -
A22: MQT-LLaVA | B22: Eigen score | C22: 0.29 | D22: - | E22: 0.588 | F22: -
A23: MQT-LLaVA | B23: LN entropy | C23: 0.308 | D23: - | E23: 0.581 | F23: -
A24: MQT-LLaVA | B24: Semantic entropy | C24: 0.325 | D24: - | E24: 0.568 | F24: -

Sheet seedbench
A1: Model | B1: Method | C1: ECE (%) | D1: Ada-ECE (%) | E1: AUROC | F1: Brier
A2: M3-LLaVA | B2: NC | C2: 0.32399902 | D2: 0.32399902 | E2: 0.49964387 | F2: 0.32399936
A3: M3-LLaVA | B3: TS | C3: 0.013077965 | D3: 0.061604258 | E3: 0.49964387 | F3: 0.21892419
A4: M3-LLaVA | B4: Platt 1d | C4: 0.011682268 | D4: 0.05977046 | E4: 0.49964387 | F4: 0.21884993
A5: M3-LLaVA | B5: Platt (5d) | C5: 0.029332286 | D5: 0.056058736 | E5: 0.6337479 | F5: 0.20791182
A6: M3-LLaVA | B6: Platt (17D) | C6: 0.043516503 | D6: 0.04571061 | E6: 0.64297063 | F6: 0.20703936
A7: M3-LLaVA | B7: VCPS (5D) | C7: 0.067595899 | D7: 0.068245203 | E7: 0.62874388 | F7: 0.21077956
A8: M3-LLaVA | B8: VCPS (17D) | C8: 0.07658862 | D8: 0.078245772 | E8: 0.63858755 | F8: 0.20844479
A9: M3-LLaVA | B9: Umpire | C9: 0.224 | D9: - | E9: 0.644 | F9: -
A10: M3-LLaVA | B10: Eigen score | C10: 0.227 | D10: - | E10: 0.655 | F10: -
A11: M3-LLaVA | B11: LN entropy | C11: 0.233 | D11: - | E11: 0.644 | F11: -
A12: M3-LLaVA | B12: Semantic entropy | C12: 0.25 | D12: - | E12: 0.629 | F12: -
A14: MQT-LLaVA | B14: NC | C14: 0.18562555 | D14: 0.1773698 | E14: 0.73314637 | F14: 0.22965537
A15: MQT-LLaVA | B15: TS | C15: 0.066776119 | D15: 0.10437609 | E15: 0.73314637 | F15: 0.2014874
A16: MQT-LLaVA | B16: Platt 1d | C16: 0.095137187 | D16: 0.086217971 | E16: 0.73314637 | F16: 0.19859514
A17: MQT-LLaVA | B17: Platt (5d) | C17: 0.061019753 | D17: 0.096507526 | E17: 0.74587423 | F17: 0.19471752
A18: MQT-LLaVA | B18: Platt (17D) | C18: 0.053171238 | D18: 0.084249422 | E18: 0.74533492 | F18: 0.19403242
A19: MQT-LLaVA | B19: VCPS (5D) | C19: 0.07065334 | D19: 0.063784394 | E19: 0.73735304 | F19: 0.19718927
A20: MQT-LLaVA | B20: VCPS (17D) | C20: 0.086349112 | D20: 0.10027602 | E20: 0.73994175 | F20: 0.19676501
A21: MQT-LLaVA | B21: Umpire | C21: 0.277 | D21: - | E21: 0.605 | F21: -
A22: MQT-LLaVA | B22: Eigen score | C22: 0.27 | D22: - | E22: 0.639 | F22: -
A23: MQT-LLaVA | B23: LN entropy | C23: 0.281 | D23: - | E23: 0.61 | F23: -
A24: MQT-LLaVA | B24: Semantic entropy | C24: 0.3 | D24: - | E24: 0.599 | F24: -

Sheet textvqa
A1: Model | B1: Method | C1: ECE (%) | D1: Ada-ECE (%) | E1: AUROC | F1: Brier
A2: M3-LLaVA | B2: NC | C2: 0.083152261 | D2: 0.090673253 | E2: 0.83152822 | F2: 0.17151351
A3: M3-LLaVA | B3: TS | C3: 0.086992718 | D3: 0.089187701 | E3: 0.83152822 | F3: 0.17093609
A4: M3-LLaVA | B4: Platt 1d | C4: 0.050136445 | D4: 0.061116769 | E4: 0.83152822 | F4: 0.16368467
A5: M3-LLaVA | B5: Platt (5d) | C5: 0.060169622 | D5: 0.058740715 | E5: 0.84086844 | F5: 0.16012464
A6: M3-LLaVA | B6: Platt (17D) | C6: 0.066499861 | D6: 0.060244362 | E6: 0.84058691 | F6: 0.16077338
A7: M3-LLaVA | B7: VCPS (5D) | C7: 0.050341909 | D7: 0.061223716 | E7: 0.83373079 | F7: 0.16260057
A8: M3-LLaVA | B8: VCPS (17D) | C8: 0.057812102 | D8: 0.040195228 | E8: 0.83470787 | F8: 0.16225594
A9: M3-LLaVA | B9: Umpire | C9: 0.104 | D9: - | E9: 0.829 | F9: -
A10: M3-LLaVA | B10: Eigen score | C10: 0.266 | D10: - | E10: 0.814 | F10: -
A11: M3-LLaVA | B11: LN entropy | C11: 0.118 | D11: - | E11: 0.811 | F11: -
A12: M3-LLaVA | B12: Semantic entropy | C12: 0.282 | D12: - | E12: 0.774 | F12: -
A14: MQT-LLaVA | B14: NC | C14: 0.31240975 | D14: 0.30962459 | E14: 0.68138042 | F14: 0.323731
A15: MQT-LLaVA | B15: TS | C15: 0.17619265 | D15: 0.18668603 | E15: 0.68138042 | F15: 0.24971404
A16: MQT-LLaVA | B16: Platt 1d | C16: 0.097790738 | D16: 0.1182358 | E16: 0.68138042 | F16: 0.21636688
A17: MQT-LLaVA | B17: Platt (5d) | C17: 0.062910213 | D17: 0.07539899 | E17: 0.72820853 | F17: 0.19107595
A18: MQT-LLaVA | B18: Platt (17D) | C18: 0.067911401 | D18: 0.077446308 | E18: 0.76072999 | F18: 0.18214506
A19: MQT-LLaVA | B19: VCPS (5D) | C19: 0.086816273 | D19: 0.086166215 | E19: 0.70678345 | F19: 0.20662716
A20: MQT-LLaVA | B20: VCPS (17D) | C20: 0.082774106 | D20: 0.073575357 | E20: 0.73703678 | F20: 0.19122083
A21: MQT-LLaVA | B21: Umpire | C21: 0.121 | D21: - | E21: 0.818 | F21: -
A22: MQT-LLaVA | B22: Eigen score | C22: 0.283 | D22: - | E22: 0.802 | F22: -
A23: MQT-LLaVA | B23: LN entropy | C23: 0.148 | D23: - | E23: 0.793 | F23: -
A24: MQT-LLaVA | B24: Semantic entropy | C24: 0.315 | D24: - | E24: 0.789 | F24: -

Sheet vizwiz-vqa
A1: Model | B1: Method | C1: ECE (%) | D1: Ada-ECE (%) | E1: AUROC | F1: Brier
A2: M3-LLaVA | B2: NC | C2: 0.16711527 | D2: 0.16711527 | E2: 0.83509977 | F2: 0.19332383
A3: M3-LLaVA | B3: TS | C3: 0.15560025 | D3: 0.16034126 | E3: 0.83509977 | F3: 0.19451369
A4: M3-LLaVA | B4: Platt 1d | C4: 0.067570151 | D4: 0.076887719 | E4: 0.83509977 | F4: 0.1642439
A5: M3-LLaVA | B5: Platt (5d) | C5: 0.06204771 | D5: 0.070876266 | E5: 0.8377038 | F5: 0.16333806
A6: M3-LLaVA | B6: Platt (17D) | C6: 0.043856246 | D6: 0.040781559 | E6: 0.82999121 | F6: 0.16527217
A7: M3-LLaVA | B7: VCPS (5D) | C7: 0.067895813 | D7: 0.073954757 | E7: 0.83558077 | F7: 0.16400101
A8: M3-LLaVA | B8: VCPS (17D) | C8: 0.067569867 | D8: 0.066769702 | E8: 0.83684132 | F8: 0.16332097
A9: M3-LLaVA | B9: Umpire | C9: 0.137 | D9: - | E9: 0.768 | F9: -
A10: M3-LLaVA | B10: Eigen score | C10: 0.323 | D10: - | E10: 0.757 | F10: -
A11: M3-LLaVA | B11: LN entropy | C11: 0.148 | D11: - | E11: 0.723 | F11: -
A12: M3-LLaVA | B12: Semantic entropy | C12: 0.324 | D12: - | E12: 0.701 | F12: -
A14: MQT-LLaVA | B14: NC | C14: 0.30258573 | D14: 0.30258573 | E14: 0.80244381 | F14: 0.2421322
A15: MQT-LLaVA | B15: TS | C15: 0.28769316 | D15: 0.28769316 | E15: 0.80244381 | F15: 0.23255534
A16: MQT-LLaVA | B16: Platt 1d | C16: 0.066963494 | D16: 0.057632538 | E16: 0.80244381 | F16: 0.14787219
A17: MQT-LLaVA | B17: Platt (5d) | C17: 0.058120129 | D17: 0.068136473 | E17: 0.79876045 | F17: 0.14712127
A18: MQT-LLaVA | B18: Platt (17D) | C18: 0.04567605 | D18: 0.034590749 | E18: 0.80482587 | F18: 0.14156538
A19: MQT-LLaVA | B19: VCPS (5D) | C19: 0.060693861 | D19: 0.05182034 | E19: 0.80286288 | F19: 0.14761538
A20: MQT-LLaVA | B20: VCPS (17D) | C20: 0.063483632 | D20: 0.056274076 | E20: 0.80334811 | F20: 0.1463514
A21: MQT-LLaVA | B21: Umpire | C21: 0.193 | D21: - | E21: 0.754 | F21: -
A22: MQT-LLaVA | B22: Eigen score | C22: 0.392 | D22: - | E22: 0.744 | F22: -
A23: MQT-LLaVA | B23: LN entropy | C23: 0.185 | D23: - | E23: 0.718 | F23: -
A24: MQT-LLaVA | B24: Semantic entropy | C24: 0.397 | D24: - | E24: 0.689 | F24: -

Sheet vqav2
A1: Model | B1: Method | C1: ECE (%) | D1: Ada-ECE (%) | E1: AUROC | F1: Brier
A2: M3-LLaVA | B2: NC | C2: 0.085071519 | D2: 0.080632135 | E2: 0.7557398 | F2: 0.14267752
A3: M3-LLaVA | B3: TS | C3: 0.10480537 | D3: 0.10513359 | E3: 0.7557398 | F3: 0.14951931
A4: M3-LLaVA | B4: Platt 1d | C4: 0.071254144 | D4: 0.097136431 | E4: 0.7557398 | F4: 0.14546139
A5: M3-LLaVA | B5: Platt (5d) | C5: 0.068366634 | D5: 0.078722664 | E5: 0.78198224 | F5: 0.14385497
A6: M3-LLaVA | B6: Platt (17D) | C6: 0.048597516 | D6: 0.046923468 | E6: 0.79143046 | F6: 0.13897716
A7: M3-LLaVA | B7: VCPS (5D) | C7: 0.04570873 | D7: 0.069843264 | E7: 0.77132937 | F7: 0.14203114
A8: M3-LLaVA | B8: VCPS (17D) | C8: 0.045557561 | D8: 0.048223023 | E8: 0.78271447 | F8: 0.13929644
A9: M3-LLaVA | B9: Umpire | C9: 0.058 | D9: - | E9: 0.819 | F9: -
A10: M3-LLaVA | B10: Eigen score | C10: 0.062 | D10: - | E10: 0.816 | F10: -
A11: M3-LLaVA | B11: LN entropy | C11: 0.124 | D11: - | E11: 0.787 | F11: -
A12: M3-LLaVA | B12: Semantic entropy | C12: 0.114 | D12: - | E12: 0.69 | F12: -
A14: MQT-LLaVA | B14: NC | C14: 0.12143951 | D14: 0.10929289 | E14: 0.74588816 | F14: 0.14390451
A15: MQT-LLaVA | B15: TS | C15: 0.15095049 | D15: 0.16038556 | E15: 0.74588816 | F15: 0.15966865
A16: MQT-LLaVA | B16: Platt 1d | C16: 0.14264795 | D16: 0.14951246 | E16: 0.74588816 | F16: 0.15880674
A17: MQT-LLaVA | B17: Platt (5d) | C17: 0.079640742 | D17: 0.066755171 | E17: 0.78604715 | F17: 0.15220546
A18: MQT-LLaVA | B18: Platt (17D) | C18: 0.070312868 | D18: 0.079379369 | E18: 0.80496162 | F18: 0.14729734
A19: MQT-LLaVA | B19: VCPS (5D) | C19: 0.10299834 | D19: 0.11789515 | E19: 0.75822368 | F19: 0.1548432
A20: MQT-LLaVA | B20: VCPS (17D) | C20: 0.077921472 | D20: 0.077355362 | E20: 0.77316338 | F20: 0.15005822
A21: MQT-LLaVA | B21: Umpire | C21: 0.078 | D21: - | E21: 0.79 | F21: -
A22: MQT-LLaVA | B22: Eigen score | C22: 0.102 | D22: - | E22: 0.773 | F22: -
A23: MQT-LLaVA | B23: LN entropy | C23: 0.123 | D23: - | E23: 0.767 | F23: -
A24: MQT-LLaVA | B24: Semantic entropy | C24: 0.137 | D24: - | E24: 0.699 | F24: -
