Workbook

Sheet Macro_Average
A1: Method | B1: ECE (%) | C1: Ada-ECE (%) | D1: AUROC | E1: Brier
A2: NC | B2: =AVERAGE('ai2d'!B2, 'chartqa'!B2, 'docvqa'!B2, 'gqa'!B2, 'infographicvqa'!B2, 'lego-puzzles'!B2, 'mmbench'!B2, 'mmmu'!B2, 'pope'!B2, 'scienceqa'!B2, 'seedbench'!B2, 'textvqa'!B2, 'vizwiz-vqa'!B2, 'vqav2'!B2) | C2: =AVERAGE('ai2d'!C2, 'chartqa'!C2, 'docvqa'!C2, 'gqa'!C2, 'infographicvqa'!C2, 'lego-puzzles'!C2, 'mmbench'!C2, 'mmmu'!C2, 'pope'!C2, 'scienceqa'!C2, 'seedbench'!C2, 'textvqa'!C2, 'vizwiz-vqa'!C2, 'vqav2'!C2) | D2: =AVERAGE('ai2d'!D2, 'chartqa'!D2, 'docvqa'!D2, 'gqa'!D2, 'infographicvqa'!D2, 'lego-puzzles'!D2, 'mmbench'!D2, 'mmmu'!D2, 'pope'!D2, 'scienceqa'!D2, 'seedbench'!D2, 'textvqa'!D2, 'vizwiz-vqa'!D2, 'vqav2'!D2) | E2: =AVERAGE('ai2d'!E2, 'chartqa'!E2, 'docvqa'!E2, 'gqa'!E2, 'infographicvqa'!E2, 'lego-puzzles'!E2, 'mmbench'!E2, 'mmmu'!E2, 'pope'!E2, 'scienceqa'!E2, 'seedbench'!E2, 'textvqa'!E2, 'vizwiz-vqa'!E2, 'vqav2'!E2)
A3: TS | B3: =AVERAGE('ai2d'!B3, 'chartqa'!B3, 'docvqa'!B3, 'gqa'!B3, 'infographicvqa'!B3, 'lego-puzzles'!B3, 'mmbench'!B3, 'mmmu'!B3, 'pope'!B3, 'scienceqa'!B3, 'seedbench'!B3, 'textvqa'!B3, 'vizwiz-vqa'!B3, 'vqav2'!B3) | C3: =AVERAGE('ai2d'!C3, 'chartqa'!C3, 'docvqa'!C3, 'gqa'!C3, 'infographicvqa'!C3, 'lego-puzzles'!C3, 'mmbench'!C3, 'mmmu'!C3, 'pope'!C3, 'scienceqa'!C3, 'seedbench'!C3, 'textvqa'!C3, 'vizwiz-vqa'!C3, 'vqav2'!C3) | D3: =AVERAGE('ai2d'!D3, 'chartqa'!D3, 'docvqa'!D3, 'gqa'!D3, 'infographicvqa'!D3, 'lego-puzzles'!D3, 'mmbench'!D3, 'mmmu'!D3, 'pope'!D3, 'scienceqa'!D3, 'seedbench'!D3, 'textvqa'!D3, 'vizwiz-vqa'!D3, 'vqav2'!D3) | E3: =AVERAGE('ai2d'!E3, 'chartqa'!E3, 'docvqa'!E3, 'gqa'!E3, 'infographicvqa'!E3, 'lego-puzzles'!E3, 'mmbench'!E3, 'mmmu'!E3, 'pope'!E3, 'scienceqa'!E3, 'seedbench'!E3, 'textvqa'!E3, 'vizwiz-vqa'!E3, 'vqav2'!E3)
A4: Platt 1d | B4: =AVERAGE('ai2d'!B4, 'chartqa'!B4, 'docvqa'!B4, 'gqa'!B4, 'infographicvqa'!B4, 'lego-puzzles'!B4, 'mmbench'!B4, 'mmmu'!B4, 'pope'!B4, 'scienceqa'!B4, 'seedbench'!B4, 'textvqa'!B4, 'vizwiz-vqa'!B4, 'vqav2'!B4) | C4: =AVERAGE('ai2d'!C4, 'chartqa'!C4, 'docvqa'!C4, 'gqa'!C4, 'infographicvqa'!C4, 'lego-puzzles'!C4, 'mmbench'!C4, 'mmmu'!C4, 'pope'!C4, 'scienceqa'!C4, 'seedbench'!C4, 'textvqa'!C4, 'vizwiz-vqa'!C4, 'vqav2'!C4) | D4: =AVERAGE('ai2d'!D4, 'chartqa'!D4, 'docvqa'!D4, 'gqa'!D4, 'infographicvqa'!D4, 'lego-puzzles'!D4, 'mmbench'!D4, 'mmmu'!D4, 'pope'!D4, 'scienceqa'!D4, 'seedbench'!D4, 'textvqa'!D4, 'vizwiz-vqa'!D4, 'vqav2'!D4) | E4: =AVERAGE('ai2d'!E4, 'chartqa'!E4, 'docvqa'!E4, 'gqa'!E4, 'infographicvqa'!E4, 'lego-puzzles'!E4, 'mmbench'!E4, 'mmmu'!E4, 'pope'!E4, 'scienceqa'!E4, 'seedbench'!E4, 'textvqa'!E4, 'vizwiz-vqa'!E4, 'vqav2'!E4)
A5: Platt (5d) | B5: =AVERAGE('ai2d'!B5, 'chartqa'!B5, 'docvqa'!B5, 'gqa'!B5, 'infographicvqa'!B5, 'lego-puzzles'!B5, 'mmbench'!B5, 'mmmu'!B5, 'pope'!B5, 'scienceqa'!B5, 'seedbench'!B5, 'textvqa'!B5, 'vizwiz-vqa'!B5, 'vqav2'!B5) | C5: =AVERAGE('ai2d'!C5, 'chartqa'!C5, 'docvqa'!C5, 'gqa'!C5, 'infographicvqa'!C5, 'lego-puzzles'!C5, 'mmbench'!C5, 'mmmu'!C5, 'pope'!C5, 'scienceqa'!C5, 'seedbench'!C5, 'textvqa'!C5, 'vizwiz-vqa'!C5, 'vqav2'!C5) | D5: =AVERAGE('ai2d'!D5, 'chartqa'!D5, 'docvqa'!D5, 'gqa'!D5, 'infographicvqa'!D5, 'lego-puzzles'!D5, 'mmbench'!D5, 'mmmu'!D5, 'pope'!D5, 'scienceqa'!D5, 'seedbench'!D5, 'textvqa'!D5, 'vizwiz-vqa'!D5, 'vqav2'!D5) | E5: =AVERAGE('ai2d'!E5, 'chartqa'!E5, 'docvqa'!E5, 'gqa'!E5, 'infographicvqa'!E5, 'lego-puzzles'!E5, 'mmbench'!E5, 'mmmu'!E5, 'pope'!E5, 'scienceqa'!E5, 'seedbench'!E5, 'textvqa'!E5, 'vizwiz-vqa'!E5, 'vqav2'!E5)
A6: Platt (17D) | B6: =AVERAGE('ai2d'!B6, 'chartqa'!B6, 'docvqa'!B6, 'gqa'!B6, 'infographicvqa'!B6, 'lego-puzzles'!B6, 'mmbench'!B6, 'mmmu'!B6, 'pope'!B6, 'scienceqa'!B6, 'seedbench'!B6, 'textvqa'!B6, 'vizwiz-vqa'!B6, 'vqav2'!B6) | C6: =AVERAGE('ai2d'!C6, 'chartqa'!C6, 'docvqa'!C6, 'gqa'!C6, 'infographicvqa'!C6, 'lego-puzzles'!C6, 'mmbench'!C6, 'mmmu'!C6, 'pope'!C6, 'scienceqa'!C6, 'seedbench'!C6, 'textvqa'!C6, 'vizwiz-vqa'!C6, 'vqav2'!C6) | D6: =AVERAGE('ai2d'!D6, 'chartqa'!D6, 'docvqa'!D6, 'gqa'!D6, 'infographicvqa'!D6, 'lego-puzzles'!D6, 'mmbench'!D6, 'mmmu'!D6, 'pope'!D6, 'scienceqa'!D6, 'seedbench'!D6, 'textvqa'!D6, 'vizwiz-vqa'!D6, 'vqav2'!D6) | E6: =AVERAGE('ai2d'!E6, 'chartqa'!E6, 'docvqa'!E6, 'gqa'!E6, 'infographicvqa'!E6, 'lego-puzzles'!E6, 'mmbench'!E6, 'mmmu'!E6, 'pope'!E6, 'scienceqa'!E6, 'seedbench'!E6, 'textvqa'!E6, 'vizwiz-vqa'!E6, 'vqav2'!E6)
A7: VCPS (5D) | B7: =AVERAGE('ai2d'!B7, 'chartqa'!B7, 'docvqa'!B7, 'gqa'!B7, 'infographicvqa'!B7, 'lego-puzzles'!B7, 'mmbench'!B7, 'mmmu'!B7, 'pope'!B7, 'scienceqa'!B7, 'seedbench'!B7, 'textvqa'!B7, 'vizwiz-vqa'!B7, 'vqav2'!B7) | C7: =AVERAGE('ai2d'!C7, 'chartqa'!C7, 'docvqa'!C7, 'gqa'!C7, 'infographicvqa'!C7, 'lego-puzzles'!C7, 'mmbench'!C7, 'mmmu'!C7, 'pope'!C7, 'scienceqa'!C7, 'seedbench'!C7, 'textvqa'!C7, 'vizwiz-vqa'!C7, 'vqav2'!C7) | D7: =AVERAGE('ai2d'!D7, 'chartqa'!D7, 'docvqa'!D7, 'gqa'!D7, 'infographicvqa'!D7, 'lego-puzzles'!D7, 'mmbench'!D7, 'mmmu'!D7, 'pope'!D7, 'scienceqa'!D7, 'seedbench'!D7, 'textvqa'!D7, 'vizwiz-vqa'!D7, 'vqav2'!D7) | E7: =AVERAGE('ai2d'!E7, 'chartqa'!E7, 'docvqa'!E7, 'gqa'!E7, 'infographicvqa'!E7, 'lego-puzzles'!E7, 'mmbench'!E7, 'mmmu'!E7, 'pope'!E7, 'scienceqa'!E7, 'seedbench'!E7, 'textvqa'!E7, 'vizwiz-vqa'!E7, 'vqav2'!E7)
A8: VCPS (17D) | B8: =AVERAGE('ai2d'!B8, 'chartqa'!B8, 'docvqa'!B8, 'gqa'!B8, 'infographicvqa'!B8, 'lego-puzzles'!B8, 'mmbench'!B8, 'mmmu'!B8, 'pope'!B8, 'scienceqa'!B8, 'seedbench'!B8, 'textvqa'!B8, 'vizwiz-vqa'!B8, 'vqav2'!B8) | C8: =AVERAGE('ai2d'!C8, 'chartqa'!C8, 'docvqa'!C8, 'gqa'!C8, 'infographicvqa'!C8, 'lego-puzzles'!C8, 'mmbench'!C8, 'mmmu'!C8, 'pope'!C8, 'scienceqa'!C8, 'seedbench'!C8, 'textvqa'!C8, 'vizwiz-vqa'!C8, 'vqav2'!C8) | D8: =AVERAGE('ai2d'!D8, 'chartqa'!D8, 'docvqa'!D8, 'gqa'!D8, 'infographicvqa'!D8, 'lego-puzzles'!D8, 'mmbench'!D8, 'mmmu'!D8, 'pope'!D8, 'scienceqa'!D8, 'seedbench'!D8, 'textvqa'!D8, 'vizwiz-vqa'!D8, 'vqav2'!D8) | E8: =AVERAGE('ai2d'!E8, 'chartqa'!E8, 'docvqa'!E8, 'gqa'!E8, 'infographicvqa'!E8, 'lego-puzzles'!E8, 'mmbench'!E8, 'mmmu'!E8, 'pope'!E8, 'scienceqa'!E8, 'seedbench'!E8, 'textvqa'!E8, 'vizwiz-vqa'!E8, 'vqav2'!E8)
A9: Umpire | B9: =AVERAGE('ai2d'!B9, 'chartqa'!B9, 'docvqa'!B9, 'gqa'!B9, 'infographicvqa'!B9, 'lego-puzzles'!B9, 'mmbench'!B9, 'mmmu'!B9, 'pope'!B9, 'scienceqa'!B9, 'seedbench'!B9, 'textvqa'!B9, 'vizwiz-vqa'!B9, 'vqav2'!B9) | C9: - | D9: =AVERAGE('ai2d'!D9, 'chartqa'!D9, 'docvqa'!D9, 'gqa'!D9, 'infographicvqa'!D9, 'lego-puzzles'!D9, 'mmbench'!D9, 'mmmu'!D9, 'pope'!D9, 'scienceqa'!D9, 'seedbench'!D9, 'textvqa'!D9, 'vizwiz-vqa'!D9, 'vqav2'!D9) | E9: -
A10: Eigen score | B10: =AVERAGE('ai2d'!B10, 'chartqa'!B10, 'docvqa'!B10, 'gqa'!B10, 'infographicvqa'!B10, 'lego-puzzles'!B10, 'mmbench'!B10, 'mmmu'!B10, 'pope'!B10, 'scienceqa'!B10, 'seedbench'!B10, 'textvqa'!B10, 'vizwiz-vqa'!B10, 'vqav2'!B10) | C10: - | D10: =AVERAGE('ai2d'!D10, 'chartqa'!D10, 'docvqa'!D10, 'gqa'!D10, 'infographicvqa'!D10, 'lego-puzzles'!D10, 'mmbench'!D10, 'mmmu'!D10, 'pope'!D10, 'scienceqa'!D10, 'seedbench'!D10, 'textvqa'!D10, 'vizwiz-vqa'!D10, 'vqav2'!D10) | E10: -
A11: LN entropy | B11: =AVERAGE('ai2d'!B11, 'chartqa'!B11, 'docvqa'!B11, 'gqa'!B11, 'infographicvqa'!B11, 'lego-puzzles'!B11, 'mmbench'!B11, 'mmmu'!B11, 'pope'!B11, 'scienceqa'!B11, 'seedbench'!B11, 'textvqa'!B11, 'vizwiz-vqa'!B11, 'vqav2'!B11) | C11: - | D11: =AVERAGE('ai2d'!D11, 'chartqa'!D11, 'docvqa'!D11, 'gqa'!D11, 'infographicvqa'!D11, 'lego-puzzles'!D11, 'mmbench'!D11, 'mmmu'!D11, 'pope'!D11, 'scienceqa'!D11, 'seedbench'!D11, 'textvqa'!D11, 'vizwiz-vqa'!D11, 'vqav2'!D11) | E11: -
A12: Semantic entropy | B12: =AVERAGE('ai2d'!B12, 'chartqa'!B12, 'docvqa'!B12, 'gqa'!B12, 'infographicvqa'!B12, 'lego-puzzles'!B12, 'mmbench'!B12, 'mmmu'!B12, 'pope'!B12, 'scienceqa'!B12, 'seedbench'!B12, 'textvqa'!B12, 'vizwiz-vqa'!B12, 'vqav2'!B12) | C12: - | D12: =AVERAGE('ai2d'!D12, 'chartqa'!D12, 'docvqa'!D12, 'gqa'!D12, 'infographicvqa'!D12, 'lego-puzzles'!D12, 'mmbench'!D12, 'mmmu'!D12, 'pope'!D12, 'scienceqa'!D12, 'seedbench'!D12, 'textvqa'!D12, 'vizwiz-vqa'!D12, 'vqav2'!D12) | E12: -

Sheet ai2d
A1: Method | B1: ECE (%) | C1: Ada-ECE (%) | D1: AUROC | E1: Brier
A2: NC | B2: 0.24338896 | C2: 0.24318656 | D2: 0.70495428 | E2: 0.28618308
A3: TS | B3: 0.1104326 | C3: 0.13009354 | D3: 0.70495428 | E3: 0.22817466
A4: Platt 1d | B4: 0.07885393 | C4: 0.095069662 | D4: 0.70495428 | E4: 0.21715337
A5: Platt (5d) | B5: 0.14660894 | C5: 0.12481332 | D5: 0.69731685 | E5: 0.2179411
A6: Platt (17D) | B6: 0.12092518 | C6: 0.13623593 | D6: 0.6794292 | E6: 0.22384875
A7: VCPS (5D) | B7: 0.086625911 | C7: 0.1136475 | D7: 0.70314541 | E7: 0.21691362
A8: VCPS (17D) | B8: 0.077949712 | C8: 0.12304382 | D8: 0.70626068 | E8: 0.21687342
A9: Umpire | B9: 0.318 | C9: - | D9: 0.612 | E9: -
A10: Eigen score | B10: 0.315 | C10: - | D10: 0.639 | E10: -
A11: LN entropy | B11: 0.324 | C11: - | D11: 0.611 | E11: -
A12: Semantic entropy | B12: 0.357 | C12: - | D12: 0.594 | E12: -

Sheet chartqa
A1: Method | B1: ECE (%) | C1: Ada-ECE (%) | D1: AUROC | E1: Brier
A2: NC | B2: 0.62988167 | C2: 0.62988167 | D2: 0.46680286 | E2: 0.57052114
A3: TS | B3: 0.41543103 | C3: 0.41543103 | D3: 0.46680286 | E3: 0.27183318
A4: Platt 1d | B4: 0.028287244 | C4: 0.080334231 | D4: 0.53319714 | E4: 0.098018874
A5: Platt (5d) | B5: 0.023703129 | C5: 0.06801687 | D5: 0.70607763 | E5: 0.091956671
A6: Platt (17D) | B6: 0.027600663 | C6: 0.05124283 | D6: 0.71220633 | E6: 0.091377149
A7: VCPS (5D) | B7: 0.0085364384 | C7: 0.04758188 | D7: 0.52604699 | E7: 0.097695112
A8: VCPS (17D) | B8: 0.0041792454 | C8: 0.070499237 | D8: 0.61899898 | E8: 0.096898212
A9: Umpire | B9: 0.1 | C9: - | D9: 0.861 | E9: -
A10: Eigen score | B10: 0.249 | C10: - | D10: 0.855 | E10: -
A11: LN entropy | B11: 0.148 | C11: - | D11: 0.71 | E11: -
A12: Semantic entropy | B12: 0.377 | C12: - | D12: 0.83 | E12: -

Sheet docvqa
A1: Method | B1: ECE (%) | C1: Ada-ECE (%) | D1: AUROC | E1: Brier
A2: NC | B2: 0.51182145 | C2: 0.51182145 | D2: 0.64388021 | E2: 0.38449072
A3: TS | B3: 0.46625786 | C3: 0.46625786 | D3: 0.64388021 | E3: 0.25568574
A4: Platt 1d | B4: 0.0046639566 | C4: 0.045588066 | D4: 0.64388021 | E4: 0.038270557
A5: Platt (5d) | B5: 0.0079179805 | C5: 0.035950666 | D5: 0.68098958 | E5: 0.037250228
A6: Platt (17D) | B6: 0.020116509 | C6: 0.039566132 | D6: 0.76953125 | E6: 0.036531061
A7: VCPS (5D) | B7: 0.0047870042 | C7: 0.044233618 | D7: 0.65364583 | E7: 0.038213889
A8: VCPS (17D) | B8: 0.0023121597 | C8: 0.030465732 | D8: 0.67708333 | E8: 0.037794477
A9: Umpire | B9: 0.14 | C9: - | D9: 0.853 | E9: -
A10: Eigen score | B10: 0.335 | C10: - | D10: 0.839 | E10: -
A11: LN entropy | B11: 0.127 | C11: - | D11: 0.805 | E11: -
A12: Semantic entropy | B12: 0.393 | C12: - | D12: 0.816 | E12: -

Sheet gqa
A1: Method | B1: ECE (%) | C1: Ada-ECE (%) | D1: AUROC | E1: Brier
A2: NC | B2: 0.13639716 | C2: 0.10191072 | D2: 0.7571634 | E2: 0.18649725
A3: TS | B3: 0.092105762 | C3: 0.1061457 | D3: 0.7571634 | E3: 0.18595295
A4: Platt 1d | B4: 0.095556546 | C4: 0.10601581 | D4: 0.7571634 | E4: 0.18605053
A5: Platt (5d) | B5: 0.13588671 | C5: 0.13943255 | D5: 0.76302688 | E5: 0.18514989
A6: Platt (17D) | B6: 0.086990974 | C6: 0.091764548 | D6: 0.75672088 | E6: 0.18652734
A7: VCPS (5D) | B7: 0.088042199 | C7: 0.11402423 | D7: 0.75882288 | E7: 0.185627
A8: VCPS (17D) | B8: 0.085522058 | C8: 0.10195508 | D8: 0.75793782 | E8: 0.18617755
A9: Umpire | B9: 0.167 | C9: - | D9: 0.715 | E9: -
A10: Eigen score | B10: 0.187 | C10: - | D10: 0.696 | E10: -
A11: LN entropy | B11: 0.198 | C11: - | D11: 0.698 | E11: -
A12: Semantic entropy | B12: 0.3 | C12: - | D12: 0.624 | E12: -

Sheet infographicvqa
A1: Method | B1: ECE (%) | C1: Ada-ECE (%) | D1: AUROC | E1: Brier
A2: NC | B2: 0.75508475 | C2: 0.75508475 | D2: 0.76884422 | E2: 0.65350077
A3: TS | B3: 0.5262594 | C3: 0.5262594 | D3: 0.76884422 | E3: 0.28262145
A4: Platt 1d | B4: 0.0028488136 | C4: 0.011062768 | D4: 0.76884422 | E4: 0.0049631737
A5: Platt (5d) | B5: 0.0033310335 | C5: 0.011031621 | D5: 0.92462312 | E5: 0.0049267617
A6: Platt (17D) | B6: 0.0031385535 | C6: 0.0097065458 | D6: 0.94472362 | E6: 0.0049065188
A7: VCPS (5D) | B7: 0.0028518116 | C7: 0.011037692 | D7: 0.76884422 | E7: 0.0049638179
A8: VCPS (17D) | B8: 0.0028525225 | C8: 0.011038926 | D8: 0.76884422 | E8: 0.0049633214
A9: Umpire | B9: 0.261 | C9: - | D9: 0.646 | E9: -
A10: Eigen score | B10: 0.478 | C10: - | D10: 0.648 | E10: -
A11: LN entropy | B11: 0.341 | C11: - | D11: 0.615 | E11: -
A12: Semantic entropy | B12: 0.475 | C12: - | D12: 0.648 | E12: -

Sheet lego-puzzles
A1: Method | B1: ECE (%) | C1: Ada-ECE (%) | D1: AUROC | E1: Brier
A2: NC | B2: 0.34599678 | C2: 0.33796909 | D2: 0.5097032 | E2: 0.34744658
A3: TS | B3: 0.23681645 | C3: 0.23681645 | D3: 0.5097032 | E3: 0.25387403
A4: Platt 1d | B4: 0.0059885556 | C4: 0.12431596 | D4: 0.4902968 | E4: 0.19679366
A5: Platt (5d) | B5: 0.056941404 | C5: 0.080703579 | D5: 0.606862 | E5: 0.19194477
A6: Platt (17D) | B6: 0.081418073 | C6: 0.10848605 | D6: 0.57122019 | E6: 0.19508529
A7: VCPS (5D) | B7: 0.071617667 | C7: 0.094169569 | D7: 0.62538052 | E7: 0.19493811
A8: VCPS (17D) | B8: 0.042271887 | C8: 0.074021944 | D8: 0.61104769 | E8: 0.19281619
A9: Umpire | B9: 0.276 | C9: - | D9: 0.537 | E9: -
A10: Eigen score | B10: 0.394 | C10: - | D10: 0.502 | E10: -
A11: LN entropy | B11: 0.253 | C11: - | D11: 0.531 | E11: -
A12: Semantic entropy | B12: 0.452 | C12: - | D12: 0.533 | E12: -

Sheet mmbench
A1: Method | B1: ECE (%) | C1: Ada-ECE (%) | D1: AUROC | E1: Brier
A2: NC | B2: 0.15377307 | C2: 0.15265592 | D2: 0.8284873 | E2: 0.18655802
A3: TS | B3: 0.098122201 | C3: 0.10241777 | D3: 0.8284873 | E3: 0.15602354
A4: Platt 1d | B4: 0.081102713 | C4: 0.0838303 | D4: 0.8284873 | E4: 0.15027456
A5: Platt (5d) | B5: 0.098814664 | C5: 0.10107202 | D5: 0.82652435 | E5: 0.15018912
A6: Platt (17D) | B6: 0.05399257 | C6: 0.058199748 | D6: 0.84762606 | E6: 0.14142201
A7: VCPS (5D) | B7: 0.064593436 | C7: 0.076561521 | D7: 0.82934609 | E7: 0.14976776
A8: VCPS (17D) | B8: 0.059081418 | C8: 0.066763133 | D8: 0.83830205 | E8: 0.14540591
A9: Umpire | B9: 0.221 | C9: - | D9: 0.618 | E9: -
A10: Eigen score | B10: 0.209 | C10: - | D10: 0.675 | E10: -
A11: LN entropy | B11: 0.222 | C11: - | D11: 0.613 | E11: -
A12: Semantic entropy | B12: 0.233 | C12: - | D12: 0.596 | E12: -

Sheet mmmu
A1: Method | B1: ECE (%) | C1: Ada-ECE (%) | D1: AUROC | E1: Brier
A2: NC | B2: 0.52240524 | C2: 0.52240524 | D2: 0.31470588 | E2: 0.36694835
A3: TS | B3: 0.49318109 | C3: 0.49318109 | D3: 0.31470588 | E3: 0.25556138
A4: Platt 1d | B4: 0.001558369 | C4: 0.021358841 | D4: 0.31470588 | E4: 0.011516185
A5: Platt (5d) | B5: 0.0013724637 | C5: 0.020389259 | D5: 0.71470588 | E5: 0.011597374
A6: Platt (17D) | B6: 0.0036219296 | C6: 0.020798149 | D6: 0.8 | E6: 0.011969898
A7: VCPS (5D) | B7: 0.0015058123 | C7: 0.021458684 | D7: 0.34705882 | E7: 0.01151554
A8: VCPS (17D) | B8: 0.0014977033 | C8: 0.021415795 | D8: 0.39411765 | E8: 0.01151347
A9: Umpire | B9: 0.377 | C9: - | D9: 0.598 | E9: -
A10: Eigen score | B10: 0.455 | C10: - | D10: 0.627 | E10: -
A11: LN entropy | B11: 0.391 | C11: - | D11: 0.584 | E11: -
A12: Semantic entropy | B12: 0.444 | C12: - | D12: 0.588 | E12: -

Sheet pope
A1: Method | B1: ECE (%) | C1: Ada-ECE (%) | D1: AUROC | E1: Brier
A2: NC | B2: 0.070397903 | C2: 0.061833396 | D2: 0.81783659 | E2: 0.10299302
A3: TS | B3: 0.05859338 | C3: 0.054359053 | D3: 0.81783659 | E3: 0.10141669
A4: Platt 1d | B4: 0.043716629 | C4: 0.047928818 | D4: 0.81783659 | E4: 0.10069844
A5: Platt (5d) | B5: 0.041002393 | C5: 0.050935695 | D5: 0.81962025 | E5: 0.10029762
A6: Platt (17D) | B6: 0.042070194 | C6: 0.042100078 | D6: 0.82589183 | E6: 0.096775869
A7: VCPS (5D) | B7: 0.044143635 | C7: 0.04820122 | D7: 0.81542002 | E7: 0.10047887
A8: VCPS (17D) | B8: 0.054396925 | C8: 0.059272451 | D8: 0.81829689 | E8: 0.099759006
A9: Umpire | B9: 0.147 | C9: - | D9: 0.693 | E9: -
A10: Eigen score | B10: 0.181 | C10: - | D10: 0.616 | E10: -
A11: LN entropy | B11: 0.139 | C11: - | D11: 0.683 | E11: -
A12: Semantic entropy | B12: 0.167 | C12: - | D12: 0.368 | E12: -

Sheet scienceqa
A1: Method | B1: ECE (%) | C1: Ada-ECE (%) | D1: AUROC | E1: Brier
A2: NC | B2: 0.2329019 | C2: 0.23041515 | D2: 0.77515463 | E2: 0.25289014
A3: TS | B3: 0.10470538 | C3: 0.10841252 | D3: 0.77515463 | E3: 0.19372665
A4: Platt 1d | B4: 0.077478913 | C4: 0.067806869 | D4: 0.77515463 | E4: 0.18508427
A5: Platt (5d) | B5: 0.050874567 | C5: 0.050929389 | D5: 0.78265561 | E5: 0.17911933
A6: Platt (17D) | B6: 0.05131983 | C6: 0.056904899 | D6: 0.77460192 | E6: 0.1814054
A7: VCPS (5D) | B7: 0.047881146 | C7: 0.055014103 | D7: 0.77789183 | E7: 0.18280525
A8: VCPS (17D) | B8: 0.044688414 | C8: 0.053671577 | D8: 0.78239242 | E8: 0.18139297
A9: Umpire | B9: 0.302 | C9: - | D9: 0.581 | E9: -
A10: Eigen score | B10: 0.29 | C10: - | D10: 0.588 | E10: -
A11: LN entropy | B11: 0.308 | C11: - | D11: 0.581 | E11: -
A12: Semantic entropy | B12: 0.325 | C12: - | D12: 0.568 | E12: -

Sheet seedbench
A1: Method | B1: ECE (%) | C1: Ada-ECE (%) | D1: AUROC | E1: Brier
A2: NC | B2: 0.18562555 | C2: 0.1773698 | D2: 0.73314637 | E2: 0.22965537
A3: TS | B3: 0.066776119 | C3: 0.10437609 | D3: 0.73314637 | E3: 0.2014874
A4: Platt 1d | B4: 0.095137187 | C4: 0.086217971 | D4: 0.73314637 | E4: 0.19859514
A5: Platt (5d) | B5: 0.061019753 | C5: 0.096507526 | D5: 0.74587423 | E5: 0.19471752
A6: Platt (17D) | B6: 0.053171238 | C6: 0.084249422 | D6: 0.74533492 | E6: 0.19403242
A7: VCPS (5D) | B7: 0.07065334 | C7: 0.063784394 | D7: 0.73735304 | E7: 0.19718927
A8: VCPS (17D) | B8: 0.086349112 | C8: 0.10027602 | D8: 0.73994175 | E8: 0.19676501
A9: Umpire | B9: 0.277 | C9: - | D9: 0.605 | E9: -
A10: Eigen score | B10: 0.27 | C10: - | D10: 0.639 | E10: -
A11: LN entropy | B11: 0.281 | C11: - | D11: 0.61 | E11: -
A12: Semantic entropy | B12: 0.3 | C12: - | D12: 0.599 | E12: -

Sheet textvqa
A1: Method | B1: ECE (%) | C1: Ada-ECE (%) | D1: AUROC | E1: Brier
A2: NC | B2: 0.31240975 | C2: 0.30962459 | D2: 0.68138042 | E2: 0.323731
A3: TS | B3: 0.17619265 | C3: 0.18668603 | D3: 0.68138042 | E3: 0.24971404
A4: Platt 1d | B4: 0.097790738 | C4: 0.1182358 | D4: 0.68138042 | E4: 0.21636688
A5: Platt (5d) | B5: 0.062910213 | C5: 0.07539899 | D5: 0.72820853 | E5: 0.19107595
A6: Platt (17D) | B6: 0.067911401 | C6: 0.077446308 | D6: 0.76072999 | E6: 0.18214506
A7: VCPS (5D) | B7: 0.086816273 | C7: 0.086166215 | D7: 0.70678345 | E7: 0.20662716
A8: VCPS (17D) | B8: 0.082774106 | C8: 0.073575357 | D8: 0.73703678 | E8: 0.19122083
A9: Umpire | B9: 0.121 | C9: - | D9: 0.818 | E9: -
A10: Eigen score | B10: 0.283 | C10: - | D10: 0.802 | E10: -
A11: LN entropy | B11: 0.148 | C11: - | D11: 0.793 | E11: -
A12: Semantic entropy | B12: 0.315 | C12: - | D12: 0.789 | E12: -

Sheet vizwiz-vqa
A1: Method | B1: ECE (%) | C1: Ada-ECE (%) | D1: AUROC | E1: Brier
A2: NC | B2: 0.30258573 | C2: 0.30258573 | D2: 0.80244381 | E2: 0.2421322
A3: TS | B3: 0.28769316 | C3: 0.28769316 | D3: 0.80244381 | E3: 0.23255534
A4: Platt 1d | B4: 0.066963494 | C4: 0.057632538 | D4: 0.80244381 | E4: 0.14787219
A5: Platt (5d) | B5: 0.058120129 | C5: 0.068136473 | D5: 0.79876045 | E5: 0.14712127
A6: Platt (17D) | B6: 0.04567605 | C6: 0.034590749 | D6: 0.80482587 | E6: 0.14156538
A7: VCPS (5D) | B7: 0.060693861 | C7: 0.05182034 | D7: 0.80286288 | E7: 0.14761538
A8: VCPS (17D) | B8: 0.063483632 | C8: 0.056274076 | D8: 0.80334811 | E8: 0.1463514
A9: Umpire | B9: 0.193 | C9: - | D9: 0.754 | E9: -
A10: Eigen score | B10: 0.392 | C10: - | D10: 0.744 | E10: -
A11: LN entropy | B11: 0.185 | C11: - | D11: 0.718 | E11: -
A12: Semantic entropy | B12: 0.397 | C12: - | D12: 0.689 | E12: -

Sheet vqav2
A1: Method | B1: ECE (%) | C1: Ada-ECE (%) | D1: AUROC | E1: Brier
A2: NC | B2: 0.12143951 | C2: 0.10929289 | D2: 0.74588816 | E2: 0.14390451
A3: TS | B3: 0.15095049 | C3: 0.16038556 | D3: 0.74588816 | E3: 0.15966865
A4: Platt 1d | B4: 0.14264795 | C4: 0.14951246 | D4: 0.74588816 | E4: 0.15880674
A5: Platt (5d) | B5: 0.079640742 | C5: 0.066755171 | D5: 0.78604715 | E5: 0.15220546
A6: Platt (17D) | B6: 0.070312868 | C6: 0.079379369 | D6: 0.80496162 | E6: 0.14729734
A7: VCPS (5D) | B7: 0.10299834 | C7: 0.11789515 | D7: 0.75822368 | E7: 0.1548432
A8: VCPS (17D) | B8: 0.077921472 | C8: 0.077355362 | D8: 0.77316338 | E8: 0.15005822
A9: Umpire | B9: 0.078 | C9: - | D9: 0.79 | E9: -
A10: Eigen score | B10: 0.102 | C10: - | D10: 0.773 | E10: -
A11: LN entropy | B11: 0.123 | C11: - | D11: 0.767 | E11: -
A12: Semantic entropy | B12: 0.137 | C12: - | D12: 0.699 | E12: -
