Workbook

Sheet mean_platt5d
A1: Model | B1: Method | C1: ECE (%) | D1: Ada-ECE (%) | E1: AUROC | F1: Brier
A2: M3-LLaVA | B2: NC | C2: =AVERAGE('chartqa'!C2, 'infographicvqa'!C2, 'lego-puzzles'!C2, 'mmbench'!C2, 'scienceqa'!C2, 'seedbench'!C2, 'textvqa'!C2, 'vizwiz-vqa'!C2) | D2: =AVERAGE('chartqa'!D2, 'infographicvqa'!D2, 'lego-puzzles'!D2, 'mmbench'!D2, 'scienceqa'!D2, 'seedbench'!D2, 'textvqa'!D2, 'vizwiz-vqa'!D2) | E2: =AVERAGE('chartqa'!E2, 'infographicvqa'!E2, 'lego-puzzles'!E2, 'mmbench'!E2, 'scienceqa'!E2, 'seedbench'!E2, 'textvqa'!E2, 'vizwiz-vqa'!E2) | F2: =AVERAGE('chartqa'!F2, 'infographicvqa'!F2, 'lego-puzzles'!F2, 'mmbench'!F2, 'scienceqa'!F2, 'seedbench'!F2, 'textvqa'!F2, 'vizwiz-vqa'!F2)
A3: M3-LLaVA | B3: TS | C3: =AVERAGE('chartqa'!C3, 'infographicvqa'!C3, 'lego-puzzles'!C3, 'mmbench'!C3, 'scienceqa'!C3, 'seedbench'!C3, 'textvqa'!C3, 'vizwiz-vqa'!C3) | D3: =AVERAGE('chartqa'!D3, 'infographicvqa'!D3, 'lego-puzzles'!D3, 'mmbench'!D3, 'scienceqa'!D3, 'seedbench'!D3, 'textvqa'!D3, 'vizwiz-vqa'!D3) | E3: =AVERAGE('chartqa'!E3, 'infographicvqa'!E3, 'lego-puzzles'!E3, 'mmbench'!E3, 'scienceqa'!E3, 'seedbench'!E3, 'textvqa'!E3, 'vizwiz-vqa'!E3) | F3: =AVERAGE('chartqa'!F3, 'infographicvqa'!F3, 'lego-puzzles'!F3, 'mmbench'!F3, 'scienceqa'!F3, 'seedbench'!F3, 'textvqa'!F3, 'vizwiz-vqa'!F3)
A4: M3-LLaVA | B4: Platt 1d | C4: =AVERAGE('chartqa'!C4, 'infographicvqa'!C4, 'lego-puzzles'!C4, 'mmbench'!C4, 'scienceqa'!C4, 'seedbench'!C4, 'textvqa'!C4, 'vizwiz-vqa'!C4) | D4: =AVERAGE('chartqa'!D4, 'infographicvqa'!D4, 'lego-puzzles'!D4, 'mmbench'!D4, 'scienceqa'!D4, 'seedbench'!D4, 'textvqa'!D4, 'vizwiz-vqa'!D4) | E4: =AVERAGE('chartqa'!E4, 'infographicvqa'!E4, 'lego-puzzles'!E4, 'mmbench'!E4, 'scienceqa'!E4, 'seedbench'!E4, 'textvqa'!E4, 'vizwiz-vqa'!E4) | F4: =AVERAGE('chartqa'!F4, 'infographicvqa'!F4, 'lego-puzzles'!F4, 'mmbench'!F4, 'scienceqa'!F4, 'seedbench'!F4, 'textvqa'!F4, 'vizwiz-vqa'!F4)
A5: M3-LLaVA | B5: Platt (5d) | C5: =AVERAGE('chartqa'!C5, 'infographicvqa'!C5, 'lego-puzzles'!C5, 'mmbench'!C5, 'scienceqa'!C5, 'seedbench'!C5, 'textvqa'!C5, 'vizwiz-vqa'!C5) | D5: =AVERAGE('chartqa'!D5, 'infographicvqa'!D5, 'lego-puzzles'!D5, 'mmbench'!D5, 'scienceqa'!D5, 'seedbench'!D5, 'textvqa'!D5, 'vizwiz-vqa'!D5) | E5: =AVERAGE('chartqa'!E5, 'infographicvqa'!E5, 'lego-puzzles'!E5, 'mmbench'!E5, 'scienceqa'!E5, 'seedbench'!E5, 'textvqa'!E5, 'vizwiz-vqa'!E5) | F5: =AVERAGE('chartqa'!F5, 'infographicvqa'!F5, 'lego-puzzles'!F5, 'mmbench'!F5, 'scienceqa'!F5, 'seedbench'!F5, 'textvqa'!F5, 'vizwiz-vqa'!F5)
A6: M3-LLaVA | B6: Platt (17D) | C6: =AVERAGE('chartqa'!C6, 'infographicvqa'!C6, 'lego-puzzles'!C6, 'mmbench'!C6, 'scienceqa'!C6, 'seedbench'!C6, 'textvqa'!C6, 'vizwiz-vqa'!C6) | D6: =AVERAGE('chartqa'!D6, 'infographicvqa'!D6, 'lego-puzzles'!D6, 'mmbench'!D6, 'scienceqa'!D6, 'seedbench'!D6, 'textvqa'!D6, 'vizwiz-vqa'!D6) | E6: =AVERAGE('chartqa'!E6, 'infographicvqa'!E6, 'lego-puzzles'!E6, 'mmbench'!E6, 'scienceqa'!E6, 'seedbench'!E6, 'textvqa'!E6, 'vizwiz-vqa'!E6) | F6: =AVERAGE('chartqa'!F6, 'infographicvqa'!F6, 'lego-puzzles'!F6, 'mmbench'!F6, 'scienceqa'!F6, 'seedbench'!F6, 'textvqa'!F6, 'vizwiz-vqa'!F6)
A7: M3-LLaVA | B7: VCPS (5D) | C7: =AVERAGE('chartqa'!C7, 'infographicvqa'!C7, 'lego-puzzles'!C7, 'mmbench'!C7, 'scienceqa'!C7, 'seedbench'!C7, 'textvqa'!C7, 'vizwiz-vqa'!C7) | D7: =AVERAGE('chartqa'!D7, 'infographicvqa'!D7, 'lego-puzzles'!D7, 'mmbench'!D7, 'scienceqa'!D7, 'seedbench'!D7, 'textvqa'!D7, 'vizwiz-vqa'!D7) | E7: =AVERAGE('chartqa'!E7, 'infographicvqa'!E7, 'lego-puzzles'!E7, 'mmbench'!E7, 'scienceqa'!E7, 'seedbench'!E7, 'textvqa'!E7, 'vizwiz-vqa'!E7) | F7: =AVERAGE('chartqa'!F7, 'infographicvqa'!F7, 'lego-puzzles'!F7, 'mmbench'!F7, 'scienceqa'!F7, 'seedbench'!F7, 'textvqa'!F7, 'vizwiz-vqa'!F7)
A8: M3-LLaVA | B8: VCPS (17D) | C8: =AVERAGE('chartqa'!C8, 'infographicvqa'!C8, 'lego-puzzles'!C8, 'mmbench'!C8, 'scienceqa'!C8, 'seedbench'!C8, 'textvqa'!C8, 'vizwiz-vqa'!C8) | D8: =AVERAGE('chartqa'!D8, 'infographicvqa'!D8, 'lego-puzzles'!D8, 'mmbench'!D8, 'scienceqa'!D8, 'seedbench'!D8, 'textvqa'!D8, 'vizwiz-vqa'!D8) | E8: =AVERAGE('chartqa'!E8, 'infographicvqa'!E8, 'lego-puzzles'!E8, 'mmbench'!E8, 'scienceqa'!E8, 'seedbench'!E8, 'textvqa'!E8, 'vizwiz-vqa'!E8) | F8: =AVERAGE('chartqa'!F8, 'infographicvqa'!F8, 'lego-puzzles'!F8, 'mmbench'!F8, 'scienceqa'!F8, 'seedbench'!F8, 'textvqa'!F8, 'vizwiz-vqa'!F8)
A9: M3-LLaVA | B9: Umpire | C9: =AVERAGE('chartqa'!C9, 'infographicvqa'!C9, 'lego-puzzles'!C9, 'mmbench'!C9, 'scienceqa'!C9, 'seedbench'!C9, 'textvqa'!C9, 'vizwiz-vqa'!C9) | D9: - | E9: =AVERAGE('chartqa'!E9, 'infographicvqa'!E9, 'lego-puzzles'!E9, 'mmbench'!E9, 'scienceqa'!E9, 'seedbench'!E9, 'textvqa'!E9, 'vizwiz-vqa'!E9) | F9: -
A10: M3-LLaVA | B10: Eigen score | C10: =AVERAGE('chartqa'!C10, 'infographicvqa'!C10, 'lego-puzzles'!C10, 'mmbench'!C10, 'scienceqa'!C10, 'seedbench'!C10, 'textvqa'!C10, 'vizwiz-vqa'!C10) | D10: - | E10: =AVERAGE('chartqa'!E10, 'infographicvqa'!E10, 'lego-puzzles'!E10, 'mmbench'!E10, 'scienceqa'!E10, 'seedbench'!E10, 'textvqa'!E10, 'vizwiz-vqa'!E10) | F10: -
A11: M3-LLaVA | B11: LN entropy | C11: =AVERAGE('chartqa'!C11, 'infographicvqa'!C11, 'lego-puzzles'!C11, 'mmbench'!C11, 'scienceqa'!C11, 'seedbench'!C11, 'textvqa'!C11, 'vizwiz-vqa'!C11) | D11: - | E11: =AVERAGE('chartqa'!E11, 'infographicvqa'!E11, 'lego-puzzles'!E11, 'mmbench'!E11, 'scienceqa'!E11, 'seedbench'!E11, 'textvqa'!E11, 'vizwiz-vqa'!E11) | F11: -
A12: M3-LLaVA | B12: Semantic entropy | C12: =AVERAGE('chartqa'!C12, 'infographicvqa'!C12, 'lego-puzzles'!C12, 'mmbench'!C12, 'scienceqa'!C12, 'seedbench'!C12, 'textvqa'!C12, 'vizwiz-vqa'!C12) | D12: - | E12: =AVERAGE('chartqa'!E12, 'infographicvqa'!E12, 'lego-puzzles'!E12, 'mmbench'!E12, 'scienceqa'!E12, 'seedbench'!E12, 'textvqa'!E12, 'vizwiz-vqa'!E12) | F12: -
A14: MQT-LLaVA | B14: NC | C14: =AVERAGE('chartqa'!C14, 'infographicvqa'!C14, 'lego-puzzles'!C14, 'mmbench'!C14, 'scienceqa'!C14, 'seedbench'!C14, 'textvqa'!C14, 'vizwiz-vqa'!C14) | D14: =AVERAGE('chartqa'!D14, 'infographicvqa'!D14, 'lego-puzzles'!D14, 'mmbench'!D14, 'scienceqa'!D14, 'seedbench'!D14, 'textvqa'!D14, 'vizwiz-vqa'!D14) | E14: =AVERAGE('chartqa'!E14, 'infographicvqa'!E14, 'lego-puzzles'!E14, 'mmbench'!E14, 'scienceqa'!E14, 'seedbench'!E14, 'textvqa'!E14, 'vizwiz-vqa'!E14) | F14: =AVERAGE('chartqa'!F14, 'infographicvqa'!F14, 'lego-puzzles'!F14, 'mmbench'!F14, 'scienceqa'!F14, 'seedbench'!F14, 'textvqa'!F14, 'vizwiz-vqa'!F14)
A15: MQT-LLaVA | B15: TS | C15: =AVERAGE('chartqa'!C15, 'infographicvqa'!C15, 'lego-puzzles'!C15, 'mmbench'!C15, 'scienceqa'!C15, 'seedbench'!C15, 'textvqa'!C15, 'vizwiz-vqa'!C15) | D15: =AVERAGE('chartqa'!D15, 'infographicvqa'!D15, 'lego-puzzles'!D15, 'mmbench'!D15, 'scienceqa'!D15, 'seedbench'!D15, 'textvqa'!D15, 'vizwiz-vqa'!D15) | E15: =AVERAGE('chartqa'!E15, 'infographicvqa'!E15, 'lego-puzzles'!E15, 'mmbench'!E15, 'scienceqa'!E15, 'seedbench'!E15, 'textvqa'!E15, 'vizwiz-vqa'!E15) | F15: =AVERAGE('chartqa'!F15, 'infographicvqa'!F15, 'lego-puzzles'!F15, 'mmbench'!F15, 'scienceqa'!F15, 'seedbench'!F15, 'textvqa'!F15, 'vizwiz-vqa'!F15)
A16: MQT-LLaVA | B16: Platt 1d | C16: =AVERAGE('chartqa'!C16, 'infographicvqa'!C16, 'lego-puzzles'!C16, 'mmbench'!C16, 'scienceqa'!C16, 'seedbench'!C16, 'textvqa'!C16, 'vizwiz-vqa'!C16) | D16: =AVERAGE('chartqa'!D16, 'infographicvqa'!D16, 'lego-puzzles'!D16, 'mmbench'!D16, 'scienceqa'!D16, 'seedbench'!D16, 'textvqa'!D16, 'vizwiz-vqa'!D16) | E16: =AVERAGE('chartqa'!E16, 'infographicvqa'!E16, 'lego-puzzles'!E16, 'mmbench'!E16, 'scienceqa'!E16, 'seedbench'!E16, 'textvqa'!E16, 'vizwiz-vqa'!E16) | F16: =AVERAGE('chartqa'!F16, 'infographicvqa'!F16, 'lego-puzzles'!F16, 'mmbench'!F16, 'scienceqa'!F16, 'seedbench'!F16, 'textvqa'!F16, 'vizwiz-vqa'!F16)
A17: MQT-LLaVA | B17: Platt (5d) | C17: =AVERAGE('chartqa'!C17, 'infographicvqa'!C17, 'lego-puzzles'!C17, 'mmbench'!C17, 'scienceqa'!C17, 'seedbench'!C17, 'textvqa'!C17, 'vizwiz-vqa'!C17) | D17: =AVERAGE('chartqa'!D17, 'infographicvqa'!D17, 'lego-puzzles'!D17, 'mmbench'!D17, 'scienceqa'!D17, 'seedbench'!D17, 'textvqa'!D17, 'vizwiz-vqa'!D17) | E17: =AVERAGE('chartqa'!E17, 'infographicvqa'!E17, 'lego-puzzles'!E17, 'mmbench'!E17, 'scienceqa'!E17, 'seedbench'!E17, 'textvqa'!E17, 'vizwiz-vqa'!E17) | F17: =AVERAGE('chartqa'!F17, 'infographicvqa'!F17, 'lego-puzzles'!F17, 'mmbench'!F17, 'scienceqa'!F17, 'seedbench'!F17, 'textvqa'!F17, 'vizwiz-vqa'!F17)
A18: MQT-LLaVA | B18: Platt (17D) | C18: =AVERAGE('chartqa'!C18, 'infographicvqa'!C18, 'lego-puzzles'!C18, 'mmbench'!C18, 'scienceqa'!C18, 'seedbench'!C18, 'textvqa'!C18, 'vizwiz-vqa'!C18) | D18: =AVERAGE('chartqa'!D18, 'infographicvqa'!D18, 'lego-puzzles'!D18, 'mmbench'!D18, 'scienceqa'!D18, 'seedbench'!D18, 'textvqa'!D18, 'vizwiz-vqa'!D18) | E18: =AVERAGE('chartqa'!E18, 'infographicvqa'!E18, 'lego-puzzles'!E18, 'mmbench'!E18, 'scienceqa'!E18, 'seedbench'!E18, 'textvqa'!E18, 'vizwiz-vqa'!E18) | F18: =AVERAGE('chartqa'!F18, 'infographicvqa'!F18, 'lego-puzzles'!F18, 'mmbench'!F18, 'scienceqa'!F18, 'seedbench'!F18, 'textvqa'!F18, 'vizwiz-vqa'!F18)
A19: MQT-LLaVA | B19: VCPS (5D) | C19: =AVERAGE('chartqa'!C19, 'infographicvqa'!C19, 'lego-puzzles'!C19, 'mmbench'!C19, 'scienceqa'!C19, 'seedbench'!C19, 'textvqa'!C19, 'vizwiz-vqa'!C19) | D19: =AVERAGE('chartqa'!D19, 'infographicvqa'!D19, 'lego-puzzles'!D19, 'mmbench'!D19, 'scienceqa'!D19, 'seedbench'!D19, 'textvqa'!D19, 'vizwiz-vqa'!D19) | E19: =AVERAGE('chartqa'!E19, 'infographicvqa'!E19, 'lego-puzzles'!E19, 'mmbench'!E19, 'scienceqa'!E19, 'seedbench'!E19, 'textvqa'!E19, 'vizwiz-vqa'!E19) | F19: =AVERAGE('chartqa'!F19, 'infographicvqa'!F19, 'lego-puzzles'!F19, 'mmbench'!F19, 'scienceqa'!F19, 'seedbench'!F19, 'textvqa'!F19, 'vizwiz-vqa'!F19)
A20: MQT-LLaVA | B20: VCPS (17D) | C20: =AVERAGE('chartqa'!C20, 'infographicvqa'!C20, 'lego-puzzles'!C20, 'mmbench'!C20, 'scienceqa'!C20, 'seedbench'!C20, 'textvqa'!C20, 'vizwiz-vqa'!C20) | D20: =AVERAGE('chartqa'!D20, 'infographicvqa'!D20, 'lego-puzzles'!D20, 'mmbench'!D20, 'scienceqa'!D20, 'seedbench'!D20, 'textvqa'!D20, 'vizwiz-vqa'!D20) | E20: =AVERAGE('chartqa'!E20, 'infographicvqa'!E20, 'lego-puzzles'!E20, 'mmbench'!E20, 'scienceqa'!E20, 'seedbench'!E20, 'textvqa'!E20, 'vizwiz-vqa'!E20) | F20: =AVERAGE('chartqa'!F20, 'infographicvqa'!F20, 'lego-puzzles'!F20, 'mmbench'!F20, 'scienceqa'!F20, 'seedbench'!F20, 'textvqa'!F20, 'vizwiz-vqa'!F20)
A21: MQT-LLaVA | B21: Umpire | C21: =AVERAGE('chartqa'!C21, 'infographicvqa'!C21, 'lego-puzzles'!C21, 'mmbench'!C21, 'scienceqa'!C21, 'seedbench'!C21, 'textvqa'!C21, 'vizwiz-vqa'!C21) | D21: - | E21: =AVERAGE('chartqa'!E21, 'infographicvqa'!E21, 'lego-puzzles'!E21, 'mmbench'!E21, 'scienceqa'!E21, 'seedbench'!E21, 'textvqa'!E21, 'vizwiz-vqa'!E21) | F21: -
A22: MQT-LLaVA | B22: Eigen score | C22: =AVERAGE('chartqa'!C22, 'infographicvqa'!C22, 'lego-puzzles'!C22, 'mmbench'!C22, 'scienceqa'!C22, 'seedbench'!C22, 'textvqa'!C22, 'vizwiz-vqa'!C22) | D22: - | E22: =AVERAGE('chartqa'!E22, 'infographicvqa'!E22, 'lego-puzzles'!E22, 'mmbench'!E22, 'scienceqa'!E22, 'seedbench'!E22, 'textvqa'!E22, 'vizwiz-vqa'!E22) | F22: -
A23: MQT-LLaVA | B23: LN entropy | C23: =AVERAGE('chartqa'!C23, 'infographicvqa'!C23, 'lego-puzzles'!C23, 'mmbench'!C23, 'scienceqa'!C23, 'seedbench'!C23, 'textvqa'!C23, 'vizwiz-vqa'!C23) | D23: - | E23: =AVERAGE('chartqa'!E23, 'infographicvqa'!E23, 'lego-puzzles'!E23, 'mmbench'!E23, 'scienceqa'!E23, 'seedbench'!E23, 'textvqa'!E23, 'vizwiz-vqa'!E23) | F23: -
A24: MQT-LLaVA | B24: Semantic entropy | C24: =AVERAGE('chartqa'!C24, 'infographicvqa'!C24, 'lego-puzzles'!C24, 'mmbench'!C24, 'scienceqa'!C24, 'seedbench'!C24, 'textvqa'!C24, 'vizwiz-vqa'!C24) | D24: - | E24: =AVERAGE('chartqa'!E24, 'infographicvqa'!E24, 'lego-puzzles'!E24, 'mmbench'!E24, 'scienceqa'!E24, 'seedbench'!E24, 'textvqa'!E24, 'vizwiz-vqa'!E24) | F24: -

Sheet chartqa
A1: Model | B1: Method | C1: ECE (%) | D1: Ada-ECE (%) | E1: AUROC | F1: Brier
A2: M3-LLaVA | B2: NC | C2: 0.70702878 | D2: 0.70702878 | E2: 0.83496947 | F2: 0.60770892
A3: M3-LLaVA | B3: TS | C3: 0.45447646 | D3: 0.4506788 | E3: 0.83496947 | F3: 0.27753495
A4: M3-LLaVA | B4: Platt 1d | C4: 0.029624544 | D4: 0.023548113 | E4: 0.83496947 | F4: 0.06848484
A5: M3-LLaVA | B5: Platt (5d) | C5: 0.026060051 | D5: 0.030368715 | E5: 0.83667888 | F5: 0.067857067
A6: M3-LLaVA | B6: Platt (17D) | C6: 0.030706569 | D6: 0.035460331 | E6: 0.82544567 | F6: 0.068550673
A7: M3-LLaVA | B7: VCPS (5D) | C7: 0.035307276 | D7: 0.028573757 | E7: 0.837558 | F7: 0.068196841
A8: M3-LLaVA | B8: VCPS (17D) | C8: 0.026722441 | D8: 0.022213591 | E8: 0.83833944 | F8: 0.068161914
A9: M3-LLaVA | B9: Umpire | C9: 0.088 | D9: - | E9: 0.828 | F9: -
A10: M3-LLaVA | B10: Eigen score | C10: 0.193 | D10: - | E10: 0.818 | F10: -
A11: M3-LLaVA | B11: LN entropy | C11: 0.089 | D11: - | E11: 0.734 | F11: -
A12: M3-LLaVA | B12: Semantic entropy | C12: 0.258 | D12: - | E12: 0.79 | F12: -
A14: MQT-LLaVA | B14: NC | C14: 0.62988167 | D14: 0.62988167 | E14: 0.46680286 | F14: 0.57052114
A15: MQT-LLaVA | B15: TS | C15: 0.41543103 | D15: 0.41543103 | E15: 0.46680286 | F15: 0.27183318
A16: MQT-LLaVA | B16: Platt 1d | C16: 0.028287244 | D16: 0.080334231 | E16: 0.53319714 | F16: 0.098018874
A17: MQT-LLaVA | B17: Platt (5d) | C17: 0.019741738 | D17: 0.063064728 | E17: 0.71297242 | F17: 0.092051179
A18: MQT-LLaVA | B18: Platt (17D) | C18: 0.027600663 | D18: 0.05124283 | E18: 0.71220633 | F18: 0.091377149
A19: MQT-LLaVA | B19: VCPS (5D) | C19: 0.0084072255 | D19: 0.065901362 | E19: 0.52579162 | F19: 0.097732285
A20: MQT-LLaVA | B20: VCPS (17D) | C20: 0.0041792454 | D20: 0.070499237 | E20: 0.61899898 | F20: 0.096898212
A21: MQT-LLaVA | B21: Umpire | C21: 0.1 | D21: - | E21: 0.861 | F21: -
A22: MQT-LLaVA | B22: Eigen score | C22: 0.249 | D22: - | E22: 0.855 | F22: -
A23: MQT-LLaVA | B23: LN entropy | C23: 0.148 | D23: - | E23: 0.71 | F23: -
A24: MQT-LLaVA | B24: Semantic entropy | C24: 0.377 | D24: - | E24: 0.83 | F24: -

Sheet infographicvqa
A1: Model | B1: Method | C1: ECE (%) | D1: Ada-ECE (%) | E1: AUROC | F1: Brier
A2: M3-LLaVA | B2: NC | C2: 0.84545465 | D2: 0.84545465 | E2: 0.42540323 | F2: 0.76407339
A3: M3-LLaVA | B3: TS | C3: 0.53909649 | D3: 0.53909649 | E3: 0.42540323 | F3: 0.3000389
A4: M3-LLaVA | B4: Platt 1d | C4: 0.00037441671 | D4: 0.011261251 | E4: 0.57459677 | F4: 0.0079307856
A5: M3-LLaVA | B5: Platt (5d) | C5: 0.00020554656 | D5: 0.011054463 | E5: 0.59576613 | F5: 0.0079335528
A6: M3-LLaVA | B6: Platt (17D) | C6: 0.00020596669 | D6: 0.012887219 | E6: 0.60332661 | F6: 0.0079298489
A7: M3-LLaVA | B7: VCPS (5D) | C7: 0.00057467482 | D7: 0.01313628 | E7: 0.42489919 | F7: 0.007942924
A8: M3-LLaVA | B8: VCPS (17D) | C8: 0.0005686606 | D8: 0.012163135 | E8: 0.40725806 | F8: 0.0079434586
A9: M3-LLaVA | B9: Umpire | C9: 0.166 | D9: - | E9: 0.562 | F9: -
A10: M3-LLaVA | B10: Eigen score | C10: 0.348 | D10: - | E10: 0.561 | F10: -
A11: M3-LLaVA | B11: LN entropy | C11: 0.165 | D11: - | E11: 0.547 | F11: -
A12: M3-LLaVA | B12: Semantic entropy | C12: 0.392 | D12: - | E12: 0.534 | F12: -
A14: MQT-LLaVA | B14: NC | C14: 0.75508475 | D14: 0.75508475 | E14: 0.76884422 | F14: 0.65350077
A15: MQT-LLaVA | B15: TS | C15: 0.5262594 | D15: 0.5262594 | E15: 0.76884422 | F15: 0.28262145
A16: MQT-LLaVA | B16: Platt 1d | C16: 0.0028488136 | D16: 0.011062768 | E16: 0.76884422 | F16: 0.0049631737
A17: MQT-LLaVA | B17: Platt (5d) | C17: 0.0031846814 | D17: 0.010761299 | E17: 0.90452261 | F17: 0.0049304604
A18: MQT-LLaVA | B18: Platt (17D) | C18: 0.0031385535 | D18: 0.0097065458 | E18: 0.94472362 | F18: 0.0049065188
A19: MQT-LLaVA | B19: VCPS (5D) | C19: 0.0028545681 | D19: 0.011038851 | E19: 0.76884422 | F19: 0.0049640651
A20: MQT-LLaVA | B20: VCPS (17D) | C20: 0.0028525225 | D20: 0.011038926 | E20: 0.76884422 | F20: 0.0049633214
A21: MQT-LLaVA | B21: Umpire | C21: 0.261 | D21: - | E21: 0.646 | F21: -
A22: MQT-LLaVA | B22: Eigen score | C22: 0.478 | D22: - | E22: 0.648 | F22: -
A23: MQT-LLaVA | B23: LN entropy | C23: 0.341 | D23: - | E23: 0.615 | F23: -
A24: MQT-LLaVA | B24: Semantic entropy | C24: 0.475 | D24: - | E24: 0.648 | F24: -

Sheet lego-puzzles
A1: Model | B1: Method | C1: ECE (%) | D1: Ada-ECE (%) | E1: AUROC | F1: Brier
A2: M3-LLaVA | B2: NC | C2: 0.73159028 | D2: 0.73159028 | E2: 0.47657648 | F2: 0.73141178
A3: M3-LLaVA | B3: TS | C3: 0.34711436 | D3: 0.34711436 | E3: 0.47657648 | F3: 0.31595971
A4: M3-LLaVA | B4: Platt 1d | C4: 0.0071496394 | D4: 0.11887064 | E4: 0.47657648 | F4: 0.19583621
A5: M3-LLaVA | B5: Platt (5d) | C5: 0.079782334 | D5: 0.084584959 | E5: 0.64269923 | F5: 0.19098772
A6: M3-LLaVA | B6: Platt (17D) | C6: 0.043441689 | D6: 0.098545186 | E6: 0.6297505 | F6: 0.19278355
A7: M3-LLaVA | B7: VCPS (5D) | C7: 0.0088700498 | D7: 0.099317355 | E7: 0.50857985 | F7: 0.19417795
A8: M3-LLaVA | B8: VCPS (17D) | C8: 0.036495976 | D8: 0.09185404 | E8: 0.54574166 | F8: 0.19228123
A9: M3-LLaVA | B9: Umpire | C9: 0.11 | D9: - | E9: 0.588 | F9: -
A10: M3-LLaVA | B10: Eigen score | C10: 0.15 | D10: - | E10: 0.571 | F10: -
A11: M3-LLaVA | B11: LN entropy | C11: 0.212 | D11: - | E11: 0.551 | F11: -
A12: M3-LLaVA | B12: Semantic entropy | C12: 0.25 | D12: - | E12: 0.582 | F12: -
A14: MQT-LLaVA | B14: NC | C14: 0.34599678 | D14: 0.33796909 | E14: 0.5097032 | F14: 0.34744658
A15: MQT-LLaVA | B15: TS | C15: 0.23681645 | D15: 0.23681645 | E15: 0.5097032 | F15: 0.25387403
A16: MQT-LLaVA | B16: Platt 1d | C16: 0.0059885556 | D16: 0.12431596 | E16: 0.4902968 | F16: 0.19679366
A17: MQT-LLaVA | B17: Platt (5d) | C17: 0.066313834 | D17: 0.080163927 | E17: 0.57565956 | F17: 0.19429772
A18: MQT-LLaVA | B18: Platt (17D) | C18: 0.081418073 | D18: 0.10848605 | E18: 0.57122019 | F18: 0.19508529
A19: MQT-LLaVA | B19: VCPS (5D) | C19: 0.018348716 | D19: 0.10419338 | E19: 0.60216895 | F19: 0.19554866
A20: MQT-LLaVA | B20: VCPS (17D) | C20: 0.042271887 | D20: 0.074021944 | E20: 0.61104769 | F20: 0.19281619
A21: MQT-LLaVA | B21: Umpire | C21: 0.276 | D21: - | E21: 0.537 | F21: -
A22: MQT-LLaVA | B22: Eigen score | C22: 0.394 | D22: - | E22: 0.502 | F22: -
A23: MQT-LLaVA | B23: LN entropy | C23: 0.253 | D23: - | E23: 0.531 | F23: -
A24: MQT-LLaVA | B24: Semantic entropy | C24: 0.452 | D24: - | E24: 0.533 | F24: -

Sheet mmbench
A1: Model | B1: Method | C1: ECE (%) | D1: Ada-ECE (%) | E1: AUROC | F1: Brier
A2: M3-LLaVA | B2: NC | C2: 0.2861641 | D2: 0.28577547 | E2: 0.62897886 | F2: 0.28601748
A3: M3-LLaVA | B3: TS | C3: 0.066813775 | D3: 0.078750814 | E3: 0.62897886 | F3: 0.201429
A4: M3-LLaVA | B4: Platt 1d | C4: 0.03069912 | D4: 0.054996607 | E4: 0.62897886 | F4: 0.19868998
A5: M3-LLaVA | B5: Platt (5d) | C5: 0.044602943 | D5: 0.066101322 | E5: 0.68934007 | F5: 0.18558537
A6: M3-LLaVA | B6: Platt (17D) | C6: 0.04830596 | D6: 0.051951263 | E6: 0.69264069 | F6: 0.18435885
A7: M3-LLaVA | B7: VCPS (5D) | C7: 0.051782406 | D7: 0.045466676 | E7: 0.69069166 | F7: 0.18554165
A8: M3-LLaVA | B8: VCPS (17D) | C8: 0.044938775 | D8: 0.049858263 | E8: 0.69324793 | F8: 0.18400824
A9: M3-LLaVA | B9: Umpire | C9: 0.193 | D9: - | E9: 0.658 | F9: -
A10: M3-LLaVA | B10: Eigen score | C10: 0.182 | D10: - | E10: 0.681 | F10: -
A11: M3-LLaVA | B11: LN entropy | C11: 0.205 | D11: - | E11: 0.66 | F11: -
A12: M3-LLaVA | B12: Semantic entropy | C12: 0.22 | D12: - | E12: 0.646 | F12: -
A14: MQT-LLaVA | B14: NC | C14: 0.15377307 | D14: 0.15265592 | E14: 0.8284873 | F14: 0.18655802
A15: MQT-LLaVA | B15: TS | C15: 0.098122201 | D15: 0.10241777 | E15: 0.8284873 | F15: 0.15602354
A16: MQT-LLaVA | B16: Platt 1d | C16: 0.081102713 | D16: 0.0838303 | E16: 0.8284873 | F16: 0.15027456
A17: MQT-LLaVA | B17: Platt (5d) | C17: 0.07554484 | D17: 0.052431546 | E17: 0.84284137 | F17: 0.14452912
A18: MQT-LLaVA | B18: Platt (17D) | C18: 0.05399257 | D18: 0.058199748 | E18: 0.84762606 | F18: 0.14142201
A19: MQT-LLaVA | B19: VCPS (5D) | C19: 0.074360758 | D19: 0.065833554 | E19: 0.83118636 | F19: 0.14824982
A20: MQT-LLaVA | B20: VCPS (17D) | C20: 0.059081418 | D20: 0.066763133 | E20: 0.83830205 | F20: 0.14540591
A21: MQT-LLaVA | B21: Umpire | C21: 0.221 | D21: - | E21: 0.618 | F21: -
A22: MQT-LLaVA | B22: Eigen score | C22: 0.209 | D22: - | E22: 0.675 | F22: -
A23: MQT-LLaVA | B23: LN entropy | C23: 0.222 | D23: - | E23: 0.613 | F23: -
A24: MQT-LLaVA | B24: Semantic entropy | C24: 0.233 | D24: - | E24: 0.596 | F24: -

Sheet scienceqa
A1: Model | B1: Method | C1: ECE (%) | D1: Ada-ECE (%) | E1: AUROC | F1: Brier
A2: M3-LLaVA | B2: NC | C2: 0.11082764 | D2: 0.10655409 | E2: 0.70145403 | F2: 0.15663562
A3: M3-LLaVA | B3: TS | C3: 0.086946869 | D3: 0.097558564 | E3: 0.70145403 | F3: 0.15292875
A4: M3-LLaVA | B4: Platt 1d | C4: 0.036271001 | D4: 0.07456787 | E4: 0.70145403 | F4: 0.14502628
A5: M3-LLaVA | B5: Platt (5d) | C5: 0.023477083 | D5: 0.0584313 | E5: 0.7046291 | F5: 0.14365298
A6: M3-LLaVA | B6: Platt (17D) | C6: 0.04378183 | D6: 0.054383655 | E6: 0.71512845 | F6: 0.14336439
A7: M3-LLaVA | B7: VCPS (5D) | C7: 0.037178938 | D7: 0.053045153 | E7: 0.70300548 | F7: 0.14477523
A8: M3-LLaVA | B8: VCPS (17D) | C8: 0.026049166 | D8: 0.066229742 | E8: 0.70383533 | F8: 0.14461876
A9: M3-LLaVA | B9: Umpire | C9: 0.251 | D9: - | E9: 0.662 | F9: -
A10: M3-LLaVA | B10: Eigen score | C10: 0.301 | D10: - | E10: 0.636 | F10: -
A11: M3-LLaVA | B11: LN entropy | C11: 0.268 | D11: - | E11: 0.659 | F11: -
A12: M3-LLaVA | B12: Semantic entropy | C12: 0.3 | D12: - | E12: 0.633 | F12: -
A14: MQT-LLaVA | B14: NC | C14: 0.2329019 | D14: 0.23041515 | E14: 0.77515463 | F14: 0.25289014
A15: MQT-LLaVA | B15: TS | C15: 0.10470538 | D15: 0.10841252 | E15: 0.77515463 | F15: 0.19372665
A16: MQT-LLaVA | B16: Platt 1d | C16: 0.077478913 | D16: 0.067806869 | E16: 0.77515463 | F16: 0.18508427
A17: MQT-LLaVA | B17: Platt (5d) | C17: 0.038807434 | D17: 0.049465632 | E17: 0.78115542 | F17: 0.17970686
A18: MQT-LLaVA | B18: Platt (17D) | C18: 0.05131983 | D18: 0.056904899 | E18: 0.77460192 | F18: 0.1814054
A19: MQT-LLaVA | B19: VCPS (5D) | C19: 0.055173735 | D19: 0.055115752 | E19: 0.77883932 | F19: 0.18260648
A20: MQT-LLaVA | B20: VCPS (17D) | C20: 0.044688414 | D20: 0.053671577 | E20: 0.78239242 | F20: 0.18139297
A21: MQT-LLaVA | B21: Umpire | C21: 0.302 | D21: - | E21: 0.581 | F21: -
A22: MQT-LLaVA | B22: Eigen score | C22: 0.29 | D22: - | E22: 0.588 | F22: -
A23: MQT-LLaVA | B23: LN entropy | C23: 0.308 | D23: - | E23: 0.581 | F23: -
A24: MQT-LLaVA | B24: Semantic entropy | C24: 0.325 | D24: - | E24: 0.568 | F24: -

Sheet seedbench
A1: Model | B1: Method | C1: ECE (%) | D1: Ada-ECE (%) | E1: AUROC | F1: Brier
A2: M3-LLaVA | B2: NC | C2: 0.32399902 | D2: 0.32399902 | E2: 0.49964387 | F2: 0.32399936
A3: M3-LLaVA | B3: TS | C3: 0.013077965 | D3: 0.061604258 | E3: 0.49964387 | F3: 0.21892419
A4: M3-LLaVA | B4: Platt 1d | C4: 0.011682268 | D4: 0.05977046 | E4: 0.49964387 | F4: 0.21884993
A5: M3-LLaVA | B5: Platt (5d) | C5: 0.030332604 | D5: 0.058257957 | E5: 0.64224012 | F5: 0.20684522
A6: M3-LLaVA | B6: Platt (17D) | C6: 0.043516503 | D6: 0.04571061 | E6: 0.64297063 | F6: 0.20703936
A7: M3-LLaVA | B7: VCPS (5D) | C7: 0.043037573 | D7: 0.085196953 | E7: 0.63462452 | F7: 0.20926993
A8: M3-LLaVA | B8: VCPS (17D) | C8: 0.07658862 | D8: 0.078245772 | E8: 0.63858755 | F8: 0.20844479
A9: M3-LLaVA | B9: Umpire | C9: 0.224 | D9: - | E9: 0.644 | F9: -
A10: M3-LLaVA | B10: Eigen score | C10: 0.227 | D10: - | E10: 0.655 | F10: -
A11: M3-LLaVA | B11: LN entropy | C11: 0.233 | D11: - | E11: 0.644 | F11: -
A12: M3-LLaVA | B12: Semantic entropy | C12: 0.25 | D12: - | E12: 0.629 | F12: -
A14: MQT-LLaVA | B14: NC | C14: 0.18562555 | D14: 0.1773698 | E14: 0.73314637 | F14: 0.22965537
A15: MQT-LLaVA | B15: TS | C15: 0.066776119 | D15: 0.10437609 | E15: 0.73314637 | F15: 0.2014874
A16: MQT-LLaVA | B16: Platt 1d | C16: 0.095137187 | D16: 0.086217971 | E16: 0.73314637 | F16: 0.19859514
A17: MQT-LLaVA | B17: Platt (5d) | C17: 0.066297219 | D17: 0.073196448 | E17: 0.74457987 | F17: 0.19504708
A18: MQT-LLaVA | B18: Platt (17D) | C18: 0.053171238 | D18: 0.084249422 | E18: 0.74533492 | F18: 0.19403242
A19: MQT-LLaVA | B19: VCPS (5D) | C19: 0.074170561 | D19: 0.093826442 | E19: 0.73929457 | F19: 0.19732327
A20: MQT-LLaVA | B20: VCPS (17D) | C20: 0.086349112 | D20: 0.10027602 | E20: 0.73994175 | F20: 0.19676501
A21: MQT-LLaVA | B21: Umpire | C21: 0.277 | D21: - | E21: 0.605 | F21: -
A22: MQT-LLaVA | B22: Eigen score | C22: 0.27 | D22: - | E22: 0.639 | F22: -
A23: MQT-LLaVA | B23: LN entropy | C23: 0.281 | D23: - | E23: 0.61 | F23: -
A24: MQT-LLaVA | B24: Semantic entropy | C24: 0.3 | D24: - | E24: 0.599 | F24: -

Sheet textvqa
A1: Model | B1: Method | C1: ECE (%) | D1: Ada-ECE (%) | E1: AUROC | F1: Brier
A2: M3-LLaVA | B2: NC | C2: 0.083152261 | D2: 0.090673253 | E2: 0.83152822 | F2: 0.17151351
A3: M3-LLaVA | B3: TS | C3: 0.086992718 | D3: 0.089187701 | E3: 0.83152822 | F3: 0.17093609
A4: M3-LLaVA | B4: Platt 1d | C4: 0.050136445 | D4: 0.061116769 | E4: 0.83152822 | F4: 0.16368467
A5: M3-LLaVA | B5: Platt (5d) | C5: 0.047738272 | D5: 0.041045915 | E5: 0.84245827 | F5: 0.15934295
A6: M3-LLaVA | B6: Platt (17D) | C6: 0.066499861 | D6: 0.060244362 | E6: 0.84058691 | F6: 0.16077338
A7: M3-LLaVA | B7: VCPS (5D) | C7: 0.053117732 | D7: 0.053865879 | E7: 0.83381359 | F7: 0.16247133
A8: M3-LLaVA | B8: VCPS (17D) | C8: 0.057812102 | D8: 0.040195228 | E8: 0.83470787 | F8: 0.16225594
A9: M3-LLaVA | B9: Umpire | C9: 0.104 | D9: - | E9: 0.829 | F9: -
A10: M3-LLaVA | B10: Eigen score | C10: 0.266 | D10: - | E10: 0.814 | F10: -
A11: M3-LLaVA | B11: LN entropy | C11: 0.118 | D11: - | E11: 0.811 | F11: -
A12: M3-LLaVA | B12: Semantic entropy | C12: 0.282 | D12: - | E12: 0.774 | F12: -
A14: MQT-LLaVA | B14: NC | C14: 0.31240975 | D14: 0.30962459 | E14: 0.68138042 | F14: 0.323731
A15: MQT-LLaVA | B15: TS | C15: 0.17619265 | D15: 0.18668603 | E15: 0.68138042 | F15: 0.24971404
A16: MQT-LLaVA | B16: Platt 1d | C16: 0.097790738 | D16: 0.1182358 | E16: 0.68138042 | F16: 0.21636688
A17: MQT-LLaVA | B17: Platt (5d) | C17: 0.064293473 | D17: 0.067239053 | E17: 0.76205597 | F17: 0.18000368
A18: MQT-LLaVA | B18: Platt (17D) | C18: 0.067911401 | D18: 0.077446308 | E18: 0.76072999 | F18: 0.18214506
A19: MQT-LLaVA | B19: VCPS (5D) | C19: 0.077380274 | D19: 0.083218668 | E19: 0.71936283 | F19: 0.20066478
A20: MQT-LLaVA | B20: VCPS (17D) | C20: 0.082774106 | D20: 0.073575357 | E20: 0.73703678 | F20: 0.19122083
A21: MQT-LLaVA | B21: Umpire | C21: 0.121 | D21: - | E21: 0.818 | F21: -
A22: MQT-LLaVA | B22: Eigen score | C22: 0.283 | D22: - | E22: 0.802 | F22: -
A23: MQT-LLaVA | B23: LN entropy | C23: 0.148 | D23: - | E23: 0.793 | F23: -
A24: MQT-LLaVA | B24: Semantic entropy | C24: 0.315 | D24: - | E24: 0.789 | F24: -

Sheet vizwiz-vqa
A1: Model | B1: Method | C1: ECE (%) | D1: Ada-ECE (%) | E1: AUROC | F1: Brier
A2: M3-LLaVA | B2: NC | C2: 0.16711527 | D2: 0.16711527 | E2: 0.83509977 | F2: 0.19332383
A3: M3-LLaVA | B3: TS | C3: 0.15560025 | D3: 0.16034126 | E3: 0.83509977 | F3: 0.19451369
A4: M3-LLaVA | B4: Platt 1d | C4: 0.067570151 | D4: 0.076887719 | E4: 0.83509977 | F4: 0.1642439
A5: M3-LLaVA | B5: Platt (5d) | C5: 0.053012613 | D5: 0.065532702 | E5: 0.83297673 | F5: 0.16434385
A6: M3-LLaVA | B6: Platt (17D) | C6: 0.043856246 | D6: 0.040781559 | E6: 0.82999121 | F6: 0.16527217
A7: M3-LLaVA | B7: VCPS (5D) | C7: 0.067217362 | D7: 0.073527456 | E7: 0.8356637 | F7: 0.163863
A8: M3-LLaVA | B8: VCPS (17D) | C8: 0.067569867 | D8: 0.066769702 | E8: 0.83684132 | F8: 0.16332097
A9: M3-LLaVA | B9: Umpire | C9: 0.137 | D9: - | E9: 0.768 | F9: -
A10: M3-LLaVA | B10: Eigen score | C10: 0.323 | D10: - | E10: 0.757 | F10: -
A11: M3-LLaVA | B11: LN entropy | C11: 0.148 | D11: - | E11: 0.723 | F11: -
A12: M3-LLaVA | B12: Semantic entropy | C12: 0.324 | D12: - | E12: 0.701 | F12: -
A14: MQT-LLaVA | B14: NC | C14: 0.30258573 | D14: 0.30258573 | E14: 0.80244381 | F14: 0.2421322
A15: MQT-LLaVA | B15: TS | C15: 0.28769316 | D15: 0.28769316 | E15: 0.80244381 | F15: 0.23255534
A16: MQT-LLaVA | B16: Platt 1d | C16: 0.066963494 | D16: 0.057632538 | E16: 0.80244381 | F16: 0.14787219
A17: MQT-LLaVA | B17: Platt (5d) | C17: 0.059934276 | D17: 0.047627618 | E17: 0.79940007 | F17: 0.14392459
A18: MQT-LLaVA | B18: Platt (17D) | C18: 0.04567605 | D18: 0.034590749 | E18: 0.80482587 | F18: 0.14156538
A19: MQT-LLaVA | B19: VCPS (5D) | C19: 0.060755924 | D19: 0.056188328 | E19: 0.80337017 | F19: 0.14710755
A20: MQT-LLaVA | B20: VCPS (17D) | C20: 0.063483632 | D20: 0.056274076 | E20: 0.80334811 | F20: 0.1463514
A21: MQT-LLaVA | B21: Umpire | C21: 0.193 | D21: - | E21: 0.754 | F21: -
A22: MQT-LLaVA | B22: Eigen score | C22: 0.392 | D22: - | E22: 0.744 | F22: -
A23: MQT-LLaVA | B23: LN entropy | C23: 0.185 | D23: - | E23: 0.718 | F23: -
A24: MQT-LLaVA | B24: Semantic entropy | C24: 0.397 | D24: - | E24: 0.689 | F24: -
